2026-09-21 03:23:53,419 61977 WARNING ? odoo.tools.config: option db_host reads 'False' in the config file at /home/soporte/odoo/odoo_19/odoo-server.conf but isn't a boolean option, skip 
2026-09-21 03:23:53,419 61977 WARNING ? odoo.tools.config: option db_port reads 'False' in the config file at /home/soporte/odoo/odoo_19/odoo-server.conf but isn't a boolean option, skip 
2026-09-21 03:23:53,419 61977 WARNING ? odoo.tools.config: option db_password reads 'False' in the config file at /home/soporte/odoo/odoo_19/odoo-server.conf but isn't a boolean option, skip 
2026-09-21 03:23:53,419 61977 WARNING ? odoo.tools.config: missing --http-interface/http_interface, using 0.0.0.0 by default, will change to 127.0.0.1 in 20.0 
2026-09-21 03:23:53,421 61977 INFO ? odoo: Odoo version 19.0 
2026-09-21 03:23:53,421 61977 INFO ? odoo: Using configuration file at /home/soporte/odoo/odoo_19/odoo-server.conf 
2026-09-21 03:23:53,421 61977 INFO ? odoo: addons paths: _NamespacePath(['/home/soporte/odoo/odoo_19/odoo/addons', '/home/soporte/.local/share/Odoo/addons/19.0', '/home/soporte/odoo/odoo_19/addons']) 
2026-09-21 03:23:53,421 61977 INFO ? odoo: database: soporte@default:default 
2026-09-21 03:23:54,206 61977 INFO ? odoo.service.server: HTTP service (werkzeug) running on soporte:8069 
2026-09-21 03:26:35,728 61977 INFO ? odoo.service.server: Initiating shutdown 
2026-09-21 03:26:35,729 61977 INFO ? odoo.service.server: Hit CTRL-C again or send a second signal to force the shutdown. 
2026-09-21 03:26:35,891 61977 INFO ? odoo.sql_db: ConnectionPool(read/write;used=0/count=0/max=64): Closed 2 connections  
2026-09-21 03:26:35,896 61977 INFO ? odoo.service.server: cron0 max age (0s) reached, releasing connection. 
2026-09-21 03:26:36,423 62186 WARNING ? odoo.tools.config: option db_host reads 'False' in the config file at /home/soporte/odoo/odoo_19/odoo-server.conf but isn't a boolean option, skip 
2026-09-21 03:26:36,424 62186 WARNING ? odoo.tools.config: option db_port reads 'False' in the config file at /home/soporte/odoo/odoo_19/odoo-server.conf but isn't a boolean option, skip 
2026-09-21 03:26:36,424 62186 WARNING ? odoo.tools.config: option db_password reads 'False' in the config file at /home/soporte/odoo/odoo_19/odoo-server.conf but isn't a boolean option, skip 
2026-09-21 03:26:36,424 62186 WARNING ? odoo.tools.config: missing --http-interface/http_interface, using 0.0.0.0 by default, will change to 127.0.0.1 in 20.0 
2026-09-21 03:26:36,425 62186 INFO ? odoo: Odoo version 19.0 
2026-09-21 03:26:36,425 62186 INFO ? odoo: Using configuration file at /home/soporte/odoo/odoo_19/odoo-server.conf 
2026-09-21 03:26:36,425 62186 INFO ? odoo: addons paths: _NamespacePath(['/home/soporte/odoo/odoo_19/odoo/addons', '/home/soporte/.local/share/Odoo/addons/19.0', '/home/soporte/odoo/odoo_19/addons']) 
2026-09-21 03:26:36,425 62186 INFO ? odoo: database: soporte@default:default 
2026-09-21 03:26:36,771 62186 INFO ? odoo.service.server: HTTP service (werkzeug) running on soporte:8069 
2026-09-21 03:26:51,140 62186 INFO ? werkzeug: 127.0.0.1 - - [21/Sep/2026 03:26:51] "HEAD /web/login HTTP/1.1" 303 - 2 0.004 0.025
2026-09-21 03:27:03,291 62186 INFO ? werkzeug: 127.0.0.1 - - [21/Sep/2026 03:27:03] "GET / HTTP/1.1" 303 - 1 0.002 0.005
2026-09-21 03:27:03,532 62186 INFO ? werkzeug: 127.0.0.1 - - [21/Sep/2026 03:27:03] "GET /odoo HTTP/1.1" 303 - 2 0.003 0.008
2026-09-21 03:27:04,719 62186 INFO ? werkzeug: 127.0.0.1 - - [21/Sep/2026 03:27:04] "GET /web/database/selector HTTP/1.1" 200 - 2 0.003 0.491
2026-09-21 03:27:04,817 62186 INFO ? werkzeug: 127.0.0.1 - - [21/Sep/2026 03:27:04] "GET /web/static/src/libs/fontawesome/css/font-awesome.css HTTP/1.1" 200 - 1 0.003 0.007
2026-09-21 03:27:05,470 62186 INFO ? werkzeug: 127.0.0.1 - - [21/Sep/2026 03:27:05] "GET /web/static/lib/bootstrap/dist/css/bootstrap.css HTTP/1.1" 200 - 1 0.002 0.005
2026-09-21 03:27:05,484 62186 INFO ? werkzeug: 127.0.0.1 - - [21/Sep/2026 03:27:05] "GET /web/static/lib/bootstrap/js/dist/util/index.js HTTP/1.1" 200 - 1 0.002 0.004
2026-09-21 03:27:05,499 62186 INFO ? werkzeug: 127.0.0.1 - - [21/Sep/2026 03:27:05] "GET /web/static/lib/bootstrap/js/dist/dom/manipulator.js HTTP/1.1" 200 - 1 0.003 0.005
2026-09-21 03:27:05,502 62186 INFO ? werkzeug: 127.0.0.1 - - [21/Sep/2026 03:27:05] "GET /web/static/lib/bootstrap/js/dist/dom/event-handler.js HTTP/1.1" 200 - 1 0.003 0.005
2026-09-21 03:27:05,542 62186 INFO ? werkzeug: 127.0.0.1 - - [21/Sep/2026 03:27:05] "GET /web/static/lib/bootstrap/js/dist/dom/data.js HTTP/1.1" 200 - 1 0.002 0.005
2026-09-21 03:27:05,637 62186 INFO ? werkzeug: 127.0.0.1 - - [21/Sep/2026 03:27:05] "GET /web/static/lib/bootstrap/js/dist/dom/selector-engine.js HTTP/1.1" 200 - 1 0.002 0.008
2026-09-21 03:27:06,269 62186 INFO ? werkzeug: 127.0.0.1 - - [21/Sep/2026 03:27:06] "GET /web/static/lib/bootstrap/js/dist/util/config.js HTTP/1.1" 200 - 1 0.002 0.008
2026-09-21 03:27:06,274 62186 INFO ? werkzeug: 127.0.0.1 - - [21/Sep/2026 03:27:06] "GET /web/static/lib/bootstrap/js/dist/util/backdrop.js HTTP/1.1" 200 - 1 0.006 0.004
2026-09-21 03:27:06,310 62186 INFO ? werkzeug: 127.0.0.1 - - [21/Sep/2026 03:27:06] "GET /web/static/lib/bootstrap/js/dist/util/component-functions.js HTTP/1.1" 200 - 1 0.002 0.004
2026-09-21 03:27:06,330 62186 INFO ? werkzeug: 127.0.0.1 - - [21/Sep/2026 03:27:06] "GET /web/static/lib/bootstrap/js/dist/util/focustrap.js HTTP/1.1" 200 - 1 0.002 0.004
2026-09-21 03:27:06,337 62186 INFO ? werkzeug: 127.0.0.1 - - [21/Sep/2026 03:27:06] "GET /web/static/lib/bootstrap/js/dist/util/scrollbar.js HTTP/1.1" 200 - 1 0.002 0.004
2026-09-21 03:27:06,403 62186 INFO ? werkzeug: 127.0.0.1 - - [21/Sep/2026 03:27:06] "GET /web/static/lib/bootstrap/js/dist/base-component.js HTTP/1.1" 200 - 1 0.002 0.005
2026-09-21 03:27:06,967 62186 INFO ? werkzeug: 127.0.0.1 - - [21/Sep/2026 03:27:06] "GET /web/static/lib/bootstrap/js/dist/modal.js HTTP/1.1" 200 - 1 0.002 0.005
2026-09-21 03:27:07,000 62186 INFO ? werkzeug: 127.0.0.1 - - [21/Sep/2026 03:27:07] "GET /web/static/src/public/database_manager.js HTTP/1.1" 200 - 1 0.002 0.005
2026-09-21 03:27:07,018 62186 INFO ? werkzeug: 127.0.0.1 - - [21/Sep/2026 03:27:07] "GET /web/static/img/logo2.png HTTP/1.1" 200 - 1 0.002 0.004
2026-09-21 03:27:07,781 62186 INFO ? werkzeug: 127.0.0.1 - - [21/Sep/2026 03:27:07] "GET /web/static/src/libs/fontawesome/fonts/fontawesome-webfont.woff2?v=4.7.0 HTTP/1.1" 200 - 1 0.002 0.006
2026-09-21 03:27:08,030 62186 INFO ? werkzeug: 127.0.0.1 - - [21/Sep/2026 03:27:08] "GET /web/static/img/favicon.ico HTTP/1.1" 200 - 1 0.002 0.005
2026-09-21 03:27:30,675 62186 INFO ? werkzeug: 127.0.0.1 - - [21/Sep/2026 03:27:30] "GET / HTTP/1.1" 303 - 1 0.002 0.005
2026-09-21 03:27:30,771 62186 INFO ? werkzeug: 127.0.0.1 - - [21/Sep/2026 03:27:30] "GET /odoo HTTP/1.1" 303 - 2 0.003 0.011
2026-09-21 03:27:31,706 62186 INFO ? werkzeug: 127.0.0.1 - - [21/Sep/2026 03:27:31] "GET /web/database/selector HTTP/1.1" 200 - 2 0.004 0.490
2026-09-21 03:27:32,142 62186 INFO ? werkzeug: 127.0.0.1 - - [21/Sep/2026 03:27:32] "GET /web/static/src/libs/fontawesome/css/font-awesome.css HTTP/1.1" 200 - 1 0.002 0.005
2026-09-21 03:27:32,174 62186 INFO ? werkzeug: 127.0.0.1 - - [21/Sep/2026 03:27:32] "GET /web/static/lib/bootstrap/dist/css/bootstrap.css HTTP/1.1" 200 - 1 0.002 0.007
2026-09-21 03:27:32,179 62186 INFO ? werkzeug: 127.0.0.1 - - [21/Sep/2026 03:27:32] "GET /web/static/lib/bootstrap/js/dist/util/index.js HTTP/1.1" 200 - 1 0.005 0.006
2026-09-21 03:27:32,222 62186 INFO ? werkzeug: 127.0.0.1 - - [21/Sep/2026 03:27:32] "GET /web/static/lib/bootstrap/js/dist/dom/data.js HTTP/1.1" 200 - 1 0.002 0.011
2026-09-21 03:27:32,223 62186 INFO ? werkzeug: 127.0.0.1 - - [21/Sep/2026 03:27:32] "GET /web/static/lib/bootstrap/js/dist/dom/manipulator.js HTTP/1.1" 200 - 1 0.002 0.012
2026-09-21 03:27:32,227 62186 INFO ? werkzeug: 127.0.0.1 - - [21/Sep/2026 03:27:32] "GET /web/static/lib/bootstrap/js/dist/dom/event-handler.js HTTP/1.1" 200 - 1 0.004 0.013
2026-09-21 03:27:32,597 62186 INFO ? werkzeug: 127.0.0.1 - - [21/Sep/2026 03:27:32] "GET /web/static/lib/bootstrap/js/dist/dom/selector-engine.js HTTP/1.1" 200 - 1 0.002 0.006
2026-09-21 03:27:32,687 62186 INFO ? werkzeug: 127.0.0.1 - - [21/Sep/2026 03:27:32] "GET /web/static/lib/bootstrap/js/dist/util/config.js HTTP/1.1" 200 - 1 0.005 0.019
2026-09-21 03:27:32,694 62186 INFO ? werkzeug: 127.0.0.1 - - [21/Sep/2026 03:27:32] "GET /web/static/lib/bootstrap/js/dist/util/component-functions.js HTTP/1.1" 200 - 1 0.008 0.014
2026-09-21 03:27:32,730 62186 INFO ? werkzeug: 127.0.0.1 - - [21/Sep/2026 03:27:32] "GET /web/static/lib/bootstrap/js/dist/util/backdrop.js HTTP/1.1" 200 - 1 0.007 0.010
2026-09-21 03:27:32,734 62186 INFO ? werkzeug: 127.0.0.1 - - [21/Sep/2026 03:27:32] "GET /web/static/lib/bootstrap/js/dist/util/focustrap.js HTTP/1.1" 200 - 1 0.006 0.013
2026-09-21 03:27:32,743 62186 INFO ? werkzeug: 127.0.0.1 - - [21/Sep/2026 03:27:32] "GET /web/static/lib/bootstrap/js/dist/util/scrollbar.js HTTP/1.1" 200 - 1 0.002 0.005
2026-09-21 03:27:33,017 62186 INFO ? werkzeug: 127.0.0.1 - - [21/Sep/2026 03:27:33] "GET /web/static/lib/bootstrap/js/dist/base-component.js HTTP/1.1" 200 - 1 0.002 0.005
2026-09-21 03:27:33,151 62186 INFO ? werkzeug: 127.0.0.1 - - [21/Sep/2026 03:27:33] "GET /web/static/lib/bootstrap/js/dist/modal.js HTTP/1.1" 200 - 1 0.002 0.007
2026-09-21 03:27:33,178 62186 INFO ? werkzeug: 127.0.0.1 - - [21/Sep/2026 03:27:33] "GET /web/static/src/public/database_manager.js HTTP/1.1" 200 - 1 0.002 0.005
2026-09-21 03:27:33,186 62186 INFO ? werkzeug: 127.0.0.1 - - [21/Sep/2026 03:27:33] "GET /web/static/img/logo2.png HTTP/1.1" 200 - 1 0.003 0.007
2026-09-21 03:27:33,647 62186 INFO ? werkzeug: 127.0.0.1 - - [21/Sep/2026 03:27:33] "GET /web/static/src/libs/fontawesome/fonts/fontawesome-webfont.woff2?v=4.7.0 HTTP/1.1" 200 - 1 0.002 0.005
2026-09-21 03:27:34,066 62186 INFO ? werkzeug: 127.0.0.1 - - [21/Sep/2026 03:27:34] "GET /web/static/img/favicon.ico HTTP/1.1" 200 - 1 0.002 0.005
2026-09-21 03:28:10,883 62186 INFO None odoo.service.db: Create database `goca`. 
2026-09-21 03:28:11,079 62186 INFO None odoo.modules.loading: Initializing database goca 
2026-09-21 03:28:12,125 62186 INFO None odoo.modules.loading: loading 1 modules... 
2026-09-21 03:28:12,126 62186 INFO None odoo.modules.loading: Loading module base (1/1) 
2026-09-21 03:28:12,160 62186 INFO None odoo.registry: module base: creating or updating database tables 
2026-09-21 03:28:12,520 62186 INFO None odoo.models: Prepare computation of ir.module.module.menus_by_module 
2026-09-21 03:28:12,520 62186 INFO None odoo.models: Prepare computation of ir.module.module.reports_by_module 
2026-09-21 03:28:12,521 62186 INFO None odoo.models: Prepare computation of ir.module.module.views_by_module 
2026-09-21 03:28:12,604 62186 INFO None odoo.models: Prepare computation of res.partner.user_id 
2026-09-21 03:28:12,606 62186 INFO None odoo.models: Prepare computation of res.partner.commercial_partner_id 
2026-09-21 03:28:12,607 62186 INFO None odoo.models: Prepare computation of res.partner.complete_name 
2026-09-21 03:28:12,607 62186 INFO None odoo.models: Prepare computation of res.partner.lang 
2026-09-21 03:28:12,607 62186 INFO None odoo.models: Prepare computation of res.partner.company_registry 
2026-09-21 03:28:12,607 62186 INFO None odoo.models: Prepare computation of res.partner.commercial_company_name 
2026-09-21 03:28:12,607 62186 INFO None odoo.models: Prepare computation of res.partner.properties 
2026-09-21 03:28:12,607 62186 INFO None odoo.models: Prepare computation of res.partner.partner_share 
2026-09-21 03:28:12,640 62186 INFO None odoo.models: Prepare computation of res.currency.decimal_places 
2026-09-21 03:28:12,664 62186 INFO None odoo.models: Prepare computation of res.company.uses_default_logo 
2026-09-21 03:28:12,665 62186 INFO None odoo.models: Prepare computation of res.company.logo_web 
2026-09-21 03:28:12,666 62186 INFO None odoo.models: Computing parent_path for table res_company... 
2026-09-21 03:28:12,694 62186 INFO None odoo.models: Prepare computation of res.users.signature 
2026-09-21 03:28:12,694 62186 INFO None odoo.models: Prepare computation of res.users.share 
2026-09-21 03:28:14,123 62186 INFO None odoo.modules.loading: loading base/data/res_bank.xml 
2026-09-21 03:28:14,129 62186 INFO None odoo.modules.loading: loading base/data/res.lang.csv 
2026-09-21 03:28:14,173 62186 INFO None odoo.modules.loading: loading base/data/res_lang_data.xml 
2026-09-21 03:28:14,218 62186 INFO None odoo.modules.loading: loading base/data/res_partner_data.xml 
2026-09-21 03:28:14,279 62186 INFO None odoo.modules.loading: loading base/data/res_currency_data.xml 
2026-09-21 03:28:14,740 62186 INFO None odoo.modules.loading: loading base/data/res_company_data.xml 
2026-09-21 03:28:14,749 62186 INFO None odoo.modules.loading: loading base/data/res_users_data.xml 
2026-09-21 03:28:15,676 62186 INFO None odoo.modules.loading: loading base/data/report_paperformat_data.xml 
2026-09-21 03:28:15,684 62186 INFO None odoo.modules.loading: loading base/data/res_country_data.xml 
2026-09-21 03:28:16,263 62186 INFO None odoo.modules.loading: loading base/data/ir_demo_data.xml 
2026-09-21 03:28:16,279 62186 INFO None odoo.modules.loading: loading base/security/base_groups.xml 
2026-09-21 03:28:16,511 62186 INFO None odoo.modules.loading: loading base/security/base_security.xml 
2026-09-21 03:28:16,713 62186 INFO None odoo.modules.loading: loading base/wizard/wizard_ir_model_menu_create_views.xml 
2026-09-21 03:28:16,730 62186 INFO None odoo.modules.loading: loading base/views/base_menus.xml 
2026-09-21 03:28:16,794 62186 INFO None odoo.modules.loading: loading base/views/decimal_precision_views.xml 
2026-09-21 03:28:16,816 62186 INFO None odoo.modules.loading: loading base/views/res_config_views.xml 
2026-09-21 03:28:16,825 62186 INFO None odoo.modules.loading: loading base/data/res.country.state.csv 
2026-09-21 03:28:17,880 62186 INFO None odoo.modules.loading: loading base/views/ir_actions_views.xml 
2026-09-21 03:28:18,043 62186 INFO None odoo.modules.loading: loading base/views/ir_asset_views.xml 
2026-09-21 03:28:18,062 62186 INFO None odoo.modules.loading: loading base/views/ir_config_parameter_views.xml 
2026-09-21 03:28:18,081 62186 INFO None odoo.modules.loading: loading base/views/ir_cron_views.xml 
2026-09-21 03:28:18,114 62186 INFO None odoo.modules.loading: loading base/views/ir_cron_trigger_views.xml 
2026-09-21 03:28:18,135 62186 INFO None odoo.modules.loading: loading base/views/ir_filters_views.xml 
2026-09-21 03:28:18,164 62186 INFO None odoo.modules.loading: loading base/views/ir_mail_server_views.xml 
2026-09-21 03:28:18,186 62186 INFO None odoo.modules.loading: loading base/views/ir_model_views.xml 
2026-09-21 03:28:18,346 62186 INFO None odoo.modules.loading: loading base/views/ir_attachment_views.xml 
2026-09-21 03:28:18,370 62186 INFO None odoo.modules.loading: loading base/views/ir_rule_views.xml 
2026-09-21 03:28:18,392 62186 INFO None odoo.modules.loading: loading base/views/ir_sequence_views.xml 
2026-09-21 03:28:18,416 62186 INFO None odoo.modules.loading: loading base/views/ir_ui_menu_views.xml 
2026-09-21 03:28:18,439 62186 INFO None odoo.modules.loading: loading base/views/ir_ui_view_views.xml 
2026-09-21 03:28:18,494 62186 INFO None odoo.modules.loading: loading base/views/ir_default_views.xml 
2026-09-21 03:28:18,515 62186 INFO None odoo.modules.loading: loading base/data/ir_config_parameter_data.xml 
2026-09-21 03:28:18,519 62186 INFO None odoo.modules.loading: loading base/data/ir_cron_data.xml 
2026-09-21 03:28:18,533 62186 INFO None odoo.modules.loading: loading base/report/ir_model_report.xml 
2026-09-21 03:28:18,538 62186 INFO None odoo.modules.loading: loading base/report/ir_model_templates.xml 
2026-09-21 03:28:18,548 62186 INFO None odoo.modules.loading: loading base/views/ir_logging_views.xml 
2026-09-21 03:28:18,570 62186 INFO None odoo.modules.loading: loading base/views/ir_qweb_widget_templates.xml 
2026-09-21 03:28:18,586 62186 INFO None odoo.modules.loading: loading base/views/ir_module_views.xml 
2026-09-21 03:28:18,652 62186 INFO None odoo.modules.loading: loading base/data/ir_module_category_data.xml 
2026-09-21 03:28:18,694 62186 INFO None odoo.modules.loading: loading base/data/ir_module_module.xml 
2026-09-21 03:28:18,773 62186 INFO None odoo.modules.loading: loading base/report/ir_module_reports.xml 
2026-09-21 03:28:18,777 62186 INFO None odoo.modules.loading: loading base/report/ir_module_report_templates.xml 
2026-09-21 03:28:18,784 62186 INFO None odoo.modules.loading: loading base/wizard/base_module_update_views.xml 
2026-09-21 03:28:18,796 62186 INFO None odoo.modules.loading: loading base/wizard/base_language_install_views.xml 
2026-09-21 03:28:18,810 62186 INFO None odoo.modules.loading: loading base/wizard/base_import_language_views.xml 
2026-09-21 03:28:18,823 62186 INFO None odoo.modules.loading: loading base/wizard/base_module_upgrade_views.xml 
2026-09-21 03:28:18,842 62186 INFO None odoo.modules.loading: loading base/wizard/base_module_uninstall_views.xml 
2026-09-21 03:28:18,853 62186 INFO None odoo.modules.loading: loading base/wizard/base_export_language_views.xml 
2026-09-21 03:28:18,868 62186 INFO None odoo.modules.loading: loading base/wizard/base_partner_merge_views.xml 
2026-09-21 03:28:18,884 62186 INFO None odoo.modules.loading: loading base/data/ir_demo_failure_data.xml 
2026-09-21 03:28:18,902 62186 INFO None odoo.modules.loading: loading base/views/ir_profile_views.xml 
2026-09-21 03:28:18,928 62186 INFO None odoo.modules.loading: loading base/views/res_company_views.xml 
2026-09-21 03:28:18,953 62186 INFO None odoo.modules.loading: loading base/views/res_lang_views.xml 
2026-09-21 03:28:18,974 62186 INFO None odoo.modules.loading: loading base/views/res_partner_views.xml 
2026-09-21 03:28:19,076 62186 INFO None odoo.modules.loading: loading base/views/res_bank_views.xml 
2026-09-21 03:28:19,114 62186 INFO None odoo.modules.loading: loading base/views/res_country_views.xml 
2026-09-21 03:28:19,161 62186 INFO None odoo.modules.loading: loading base/views/res_currency_views.xml 
2026-09-21 03:28:19,205 62186 INFO None odoo.modules.loading: loading base/views/res_groups_views.xml 
2026-09-21 03:28:19,256 62186 INFO None odoo.modules.loading: loading base/views/res_users_views.xml 
2026-09-21 03:28:19,368 62186 INFO None odoo.modules.loading: loading base/views/res_users_apikeys_views.xml 
2026-09-21 03:28:19,375 62186 INFO None odoo.modules.loading: loading base/views/res_device_views.xml 
2026-09-21 03:28:19,399 62186 INFO None odoo.modules.loading: loading base/views/res_users_identitycheck_views.xml 
2026-09-21 03:28:19,408 62186 INFO None odoo.modules.loading: loading base/views/res_config_settings_views.xml 
2026-09-21 03:28:19,418 62186 INFO None odoo.modules.loading: loading base/views/report_paperformat_views.xml 
2026-09-21 03:28:19,443 62186 INFO None odoo.modules.loading: loading base/security/ir.model.access.csv 
2026-09-21 03:28:19,529 62186 INFO None odoo.addons.base.models.ir_module: module base: loading translation file /home/soporte/odoo/odoo_19/odoo/addons/base/i18n/es.po for language es_VE 
2026-09-21 03:28:19,942 62186 INFO None odoo.addons.base.models.ir_module: module base: loading translation file /home/soporte/odoo/odoo_19/odoo/addons/base/i18n/es_419.po for language es_VE 
2026-09-21 03:28:20,784 62186 INFO None odoo.modules.loading: Module base loaded in 8.66s, 8436 queries (+8436 other) 
2026-09-21 03:28:20,785 62186 INFO None odoo.modules.loading: 1 modules loaded in 8.66s, 8436 queries (+8436 extra) 
2026-09-21 03:28:20,790 62186 INFO None odoo.modules.loading: updating modules list 
2026-09-21 03:28:20,791 62186 INFO None odoo.addons.base.models.ir_module: ALLOW access to module.update_list on [] to user __system__ #1 via n/a 
2026-09-21 03:28:21,626 62186 INFO None odoo.modules.loading: loading 14 modules... 
2026-09-21 03:28:21,626 62186 INFO None odoo.modules.loading: Loading module rpc (2/14) 
2026-09-21 03:28:21,642 62186 INFO None odoo.addons.base.models.ir_module: module rpc: no translation for language es_VE 
2026-09-21 03:28:21,653 62186 INFO None odoo.modules.loading: Module rpc loaded in 0.03s, 9 queries (+9 other) 
2026-09-21 03:28:21,654 62186 INFO None odoo.modules.loading: Loading module web (3/14) 
2026-09-21 03:28:21,695 62186 INFO None odoo.registry: module web: creating or updating database tables 
2026-09-21 03:28:22,189 62186 INFO None odoo.modules.loading: loading web/security/ir.model.access.csv 
2026-09-21 03:28:22,198 62186 INFO None odoo.modules.loading: loading web/security/web_security.xml 
2026-09-21 03:28:22,211 62186 INFO None odoo.modules.loading: loading web/views/webclient_templates.xml 
2026-09-21 03:28:22,270 62186 INFO None odoo.modules.loading: loading web/views/report_templates.xml 
2026-09-21 03:28:22,371 62186 INFO None odoo.modules.loading: loading web/views/base_document_layout_views.xml 
2026-09-21 03:28:22,389 62186 INFO None odoo.modules.loading: loading web/views/partner_view.xml 
2026-09-21 03:28:22,397 62186 INFO None odoo.modules.loading: loading web/views/speedscope_template.xml 
2026-09-21 03:28:22,403 62186 INFO None odoo.modules.loading: loading web/views/memory_template.xml 
2026-09-21 03:28:22,410 62186 INFO None odoo.modules.loading: loading web/views/speedscope_config_wizard.xml 
2026-09-21 03:28:22,418 62186 INFO None odoo.modules.loading: loading web/views/neutralize_views.xml 
2026-09-21 03:28:22,427 62186 INFO None odoo.modules.loading: loading web/views/ir_ui_view_views.xml 
2026-09-21 03:28:22,438 62186 INFO None odoo.modules.loading: loading web/data/ir_attachment.xml 
2026-09-21 03:28:22,443 62186 INFO None odoo.modules.loading: loading web/data/report_layout.xml 
2026-09-21 03:28:22,478 62186 INFO None odoo.addons.base.models.ir_module: module web: loading translation file /home/soporte/odoo/odoo_19/addons/web/i18n/es.po for language es_VE 
2026-09-21 03:28:22,635 62186 INFO None odoo.addons.base.models.ir_module: module web: loading translation file /home/soporte/odoo/odoo_19/addons/web/i18n/es_419.po for language es_VE 
2026-09-21 03:28:22,850 62186 INFO None odoo.modules.loading: Module web loaded in 1.20s, 1244 queries (+1244 other) 
2026-09-21 03:28:22,850 62186 INFO None odoo.modules.loading: Loading module api_doc (4/14) 
2026-09-21 03:28:22,866 62186 INFO None odoo.registry: module api_doc: creating or updating database tables 
2026-09-21 03:28:22,885 62186 INFO None odoo.modules.loading: loading api_doc/security/res_groups.xml 
2026-09-21 03:28:22,907 62186 INFO None odoo.modules.loading: loading api_doc/views/docclient.xml 
2026-09-21 03:28:22,916 62186 INFO None odoo.addons.base.models.ir_module: module api_doc: no translation for language es_VE 
2026-09-21 03:28:22,929 62186 INFO None odoo.modules.loading: Module api_doc loaded in 0.08s, 63 queries (+63 other) 
2026-09-21 03:28:22,930 62186 INFO None odoo.modules.loading: Loading module auth_totp (5/14) 
2026-09-21 03:28:22,963 62186 INFO None odoo.registry: module auth_totp: creating or updating database tables 
2026-09-21 03:28:23,034 62186 INFO None odoo.modules.loading: loading auth_totp/security/security.xml 
2026-09-21 03:28:23,060 62186 INFO None odoo.modules.loading: loading auth_totp/security/ir.model.access.csv 
2026-09-21 03:28:23,069 62186 INFO None odoo.modules.loading: loading auth_totp/data/ir_action_data.xml 
2026-09-21 03:28:23,078 62186 INFO None odoo.modules.loading: loading auth_totp/views/res_users_views.xml 
2026-09-21 03:28:23,110 62186 INFO None odoo.modules.loading: loading auth_totp/views/templates.xml 
2026-09-21 03:28:23,116 62186 INFO None odoo.modules.loading: loading auth_totp/wizard/auth_totp_wizard_views.xml 
2026-09-21 03:28:23,128 62186 INFO None odoo.addons.base.models.ir_module: module auth_totp: loading translation file /home/soporte/odoo/odoo_19/addons/auth_totp/i18n/es.po for language es_VE 
2026-09-21 03:28:23,133 62186 INFO None odoo.addons.base.models.ir_module: module auth_totp: loading translation file /home/soporte/odoo/odoo_19/addons/auth_totp/i18n/es_419.po for language es_VE 
2026-09-21 03:28:23,167 62186 INFO None odoo.modules.loading: Module auth_totp loaded in 0.24s, 226 queries (+226 other) 
2026-09-21 03:28:23,168 62186 INFO None odoo.modules.loading: Loading module base_import (6/14) 
2026-09-21 03:28:23,232 62186 INFO None odoo.registry: module base_import: creating or updating database tables 
2026-09-21 03:28:23,687 62186 INFO None odoo.modules.loading: loading base_import/security/ir.model.access.csv 
2026-09-21 03:28:23,698 62186 INFO None odoo.addons.base.models.ir_module: module base_import: loading translation file /home/soporte/odoo/odoo_19/addons/base_import/i18n/es.po for language es_VE 
2026-09-21 03:28:23,707 62186 INFO None odoo.addons.base.models.ir_module: module base_import: loading translation file /home/soporte/odoo/odoo_19/addons/base_import/i18n/es_419.po for language es_VE 
2026-09-21 03:28:23,726 62186 INFO None odoo.modules.loading: Module base_import loaded in 0.56s, 960 queries (+960 other) 
2026-09-21 03:28:23,727 62186 INFO None odoo.modules.loading: Loading module base_import_module (7/14) 
2026-09-21 03:28:23,749 62186 INFO None odoo.registry: module base_import_module: creating or updating database tables 
2026-09-21 03:28:23,821 62186 INFO None odoo.modules.loading: loading base_import_module/security/ir.model.access.csv 
2026-09-21 03:28:23,827 62186 INFO None odoo.modules.loading: loading base_import_module/views/base_import_module_view.xml 
2026-09-21 03:28:23,848 62186 INFO None odoo.modules.loading: loading base_import_module/views/ir_module_views.xml 
2026-09-21 03:28:23,898 62186 INFO None odoo.addons.base.models.ir_module: module base_import_module: loading translation file /home/soporte/odoo/odoo_19/addons/base_import_module/i18n/es.po for language es_VE 
2026-09-21 03:28:23,902 62186 INFO None odoo.addons.base.models.ir_module: module base_import_module: loading translation file /home/soporte/odoo/odoo_19/addons/base_import_module/i18n/es_419.po for language es_VE 
2026-09-21 03:28:23,924 62186 INFO None odoo.modules.loading: Module base_import_module loaded in 0.20s, 183 queries (+183 other) 
2026-09-21 03:28:23,924 62186 INFO None odoo.modules.loading: Loading module base_setup (8/14) 
2026-09-21 03:28:23,941 62186 INFO None odoo.registry: module base_setup: creating or updating database tables 
2026-09-21 03:28:23,989 62186 INFO None odoo.modules.loading: loading base_setup/data/base_setup_data.xml 
2026-09-21 03:28:23,995 62186 INFO None odoo.modules.loading: loading base_setup/views/res_config_settings_views.xml 
2026-09-21 03:28:24,026 62186 INFO None odoo.modules.loading: loading base_setup/views/res_partner_views.xml 
2026-09-21 03:28:24,039 62186 INFO None odoo.addons.base.models.ir_module: module base_setup: loading translation file /home/soporte/odoo/odoo_19/addons/base_setup/i18n/es.po for language es_VE 
2026-09-21 03:28:24,046 62186 INFO None odoo.addons.base.models.ir_module: module base_setup: loading translation file /home/soporte/odoo/odoo_19/addons/base_setup/i18n/es_419.po for language es_VE 
2026-09-21 03:28:24,075 62186 INFO None odoo.modules.loading: Module base_setup loaded in 0.15s, 162 queries (+162 other) 
2026-09-21 03:28:24,075 62186 INFO None odoo.modules.loading: Loading module bus (9/14) 
2026-09-21 03:28:24,117 62186 INFO None odoo.registry: module bus: creating or updating database tables 
2026-09-21 03:28:24,212 62186 INFO None odoo.modules.loading: loading bus/security/ir.model.access.csv 
2026-09-21 03:28:24,222 62186 INFO None odoo.addons.base.models.ir_module: module bus: loading translation file /home/soporte/odoo/odoo_19/addons/bus/i18n/es.po for language es_VE 
2026-09-21 03:28:24,225 62186 INFO None odoo.addons.base.models.ir_module: module bus: loading translation file /home/soporte/odoo/odoo_19/addons/bus/i18n/es_419.po for language es_VE 
2026-09-21 03:28:24,238 62186 INFO None odoo.modules.loading: Module bus loaded in 0.16s, 158 queries (+158 other) 
2026-09-21 03:28:24,238 62186 INFO None odoo.modules.loading: Loading module web_tour (10/14) 
2026-09-21 03:28:24,253 62186 INFO None odoo.registry: module web_tour: creating or updating database tables 
2026-09-21 03:28:24,258 62186 INFO None odoo.models: Prepare computation of res.users.tour_enabled 
2026-09-21 03:28:24,342 62186 INFO None odoo.modules.loading: loading web_tour/security/ir.model.access.csv 
2026-09-21 03:28:24,351 62186 INFO None odoo.modules.loading: loading web_tour/views/tour_views.xml 
2026-09-21 03:28:24,385 62186 INFO None odoo.addons.base.models.ir_module: module web_tour: loading translation file /home/soporte/odoo/odoo_19/addons/web_tour/i18n/es.po for language es_VE 
2026-09-21 03:28:24,389 62186 INFO None odoo.addons.base.models.ir_module: module web_tour: loading translation file /home/soporte/odoo/odoo_19/addons/web_tour/i18n/es_419.po for language es_VE 
2026-09-21 03:28:24,417 62186 INFO None odoo.modules.loading: Module web_tour loaded in 0.18s, 192 queries (+192 other) 
2026-09-21 03:28:24,418 62186 INFO None odoo.modules.loading: Loading module auth_passkey (11/14) 
2026-09-21 03:28:24,510 62186 INFO None odoo.registry: module auth_passkey: creating or updating database tables 
2026-09-21 03:28:24,574 62186 INFO None odoo.modules.loading: loading auth_passkey/views/auth_passkey_key_views.xml 
2026-09-21 03:28:24,599 62186 INFO None odoo.modules.loading: loading auth_passkey/views/auth_passkey_login_templates.xml 
2026-09-21 03:28:24,613 62186 INFO None odoo.modules.loading: loading auth_passkey/views/res_users_identitycheck_views.xml 
2026-09-21 03:28:24,623 62186 INFO None odoo.modules.loading: loading auth_passkey/views/res_users_views.xml 
2026-09-21 03:28:24,646 62186 INFO None odoo.modules.loading: loading auth_passkey/security/ir.model.access.csv 
2026-09-21 03:28:24,654 62186 INFO None odoo.modules.loading: loading auth_passkey/security/security.xml 
2026-09-21 03:28:24,677 62186 INFO None odoo.addons.base.models.ir_module: module auth_passkey: loading translation file /home/soporte/odoo/odoo_19/addons/auth_passkey/i18n/es.po for language es_VE 
2026-09-21 03:28:24,680 62186 INFO None odoo.addons.base.models.ir_module: module auth_passkey: loading translation file /home/soporte/odoo/odoo_19/addons/auth_passkey/i18n/es_419.po for language es_VE 
2026-09-21 03:28:24,700 62186 INFO None odoo.modules.loading: Module auth_passkey loaded in 0.28s, 226 queries (+226 other) 
2026-09-21 03:28:24,700 62186 INFO None odoo.modules.loading: Loading module html_editor (12/14) 
2026-09-21 03:28:25,146 62186 INFO None odoo.registry: module html_editor: creating or updating database tables 
2026-09-21 03:28:25,681 62186 INFO None odoo.modules.loading: loading html_editor/security/ir.model.access.csv 
2026-09-21 03:28:25,692 62186 INFO None odoo.addons.base.models.ir_module: module html_editor: loading translation file /home/soporte/odoo/odoo_19/addons/html_editor/i18n/es.po for language es_VE 
2026-09-21 03:28:25,707 62186 INFO None odoo.addons.base.models.ir_module: module html_editor: loading translation file /home/soporte/odoo/odoo_19/addons/html_editor/i18n/es_419.po for language es_VE 
2026-09-21 03:28:25,738 62186 INFO None odoo.modules.loading: Module html_editor loaded in 1.04s, 1038 queries (+1038 other) 
2026-09-21 03:28:25,738 62186 INFO None odoo.modules.loading: Loading module iap (13/14) 
2026-09-21 03:28:25,743 62186 INFO None odoo.registry: module iap: creating or updating database tables 
2026-09-21 03:28:25,809 62186 INFO None odoo.modules.loading: loading iap/data/services.xml 
2026-09-21 03:28:25,814 62186 INFO None odoo.modules.loading: loading iap/security/ir.model.access.csv 
2026-09-21 03:28:25,821 62186 INFO None odoo.modules.loading: loading iap/security/ir_rule.xml 
2026-09-21 03:28:25,829 62186 INFO None odoo.modules.loading: loading iap/views/iap_views.xml 
2026-09-21 03:28:25,855 62186 INFO None odoo.modules.loading: loading iap/views/res_config_settings.xml 
2026-09-21 03:28:25,873 62186 INFO None odoo.addons.base.models.ir_module: module iap: loading translation file /home/soporte/odoo/odoo_19/addons/iap/i18n/es.po for language es_VE 
2026-09-21 03:28:25,877 62186 INFO None odoo.addons.base.models.ir_module: module iap: loading translation file /home/soporte/odoo/odoo_19/addons/iap/i18n/es_419.po for language es_VE 
2026-09-21 03:28:25,900 62186 INFO None odoo.modules.loading: Module iap loaded in 0.16s, 196 queries (+196 other) 
2026-09-21 03:28:25,900 62186 INFO None odoo.modules.loading: Loading module web_unsplash (14/14) 
2026-09-21 03:28:25,915 62186 INFO None odoo.registry: module web_unsplash: creating or updating database tables 
2026-09-21 03:28:25,955 62186 INFO None odoo.modules.loading: loading web_unsplash/views/res_config_settings_view.xml 
2026-09-21 03:28:25,982 62186 INFO None odoo.addons.base.models.ir_module: module web_unsplash: loading translation file /home/soporte/odoo/odoo_19/addons/web_unsplash/i18n/es.po for language es_VE 
2026-09-21 03:28:25,985 62186 INFO None odoo.addons.base.models.ir_module: module web_unsplash: loading translation file /home/soporte/odoo/odoo_19/addons/web_unsplash/i18n/es_419.po for language es_VE 
2026-09-21 03:28:25,998 62186 INFO None odoo.modules.loading: Module web_unsplash loaded in 0.10s, 108 queries (+108 other) 
2026-09-21 03:28:25,999 62186 INFO None odoo.modules.loading: 14 modules loaded in 4.37s, 4765 queries (+4765 extra) 
2026-09-21 03:28:26,247 62186 INFO None odoo.modules.loading: Modules loaded. 
2026-09-21 03:28:26,257 62186 INFO None odoo.registry: Registry changed, signaling through the database 
2026-09-21 03:28:26,261 62186 INFO None odoo.registry: Registry loaded in 15.217s 
2026-09-21 03:28:26,265 62186 INFO None odoo.addons.base.models.ir_module: module base: loading translation file /home/soporte/odoo/odoo_19/odoo/addons/base/i18n/es.po for language es_VE 
2026-09-21 03:28:26,693 62186 INFO None odoo.addons.base.models.ir_module: module base: loading translation file /home/soporte/odoo/odoo_19/odoo/addons/base/i18n/es_419.po for language es_VE 
2026-09-21 03:28:27,093 62186 INFO None odoo.addons.base.models.ir_module: module web: loading translation file /home/soporte/odoo/odoo_19/addons/web/i18n/es.po for language es_VE 
2026-09-21 03:28:27,242 62186 INFO None odoo.addons.base.models.ir_module: module web: loading translation file /home/soporte/odoo/odoo_19/addons/web/i18n/es_419.po for language es_VE 
2026-09-21 03:28:27,395 62186 INFO None odoo.addons.base.models.ir_module: module base_setup: loading translation file /home/soporte/odoo/odoo_19/addons/base_setup/i18n/es.po for language es_VE 
2026-09-21 03:28:27,400 62186 INFO None odoo.addons.base.models.ir_module: module base_setup: loading translation file /home/soporte/odoo/odoo_19/addons/base_setup/i18n/es_419.po for language es_VE 
2026-09-21 03:28:27,407 62186 INFO None odoo.addons.base.models.ir_module: module auth_passkey: loading translation file /home/soporte/odoo/odoo_19/addons/auth_passkey/i18n/es.po for language es_VE 
2026-09-21 03:28:27,410 62186 INFO None odoo.addons.base.models.ir_module: module auth_passkey: loading translation file /home/soporte/odoo/odoo_19/addons/auth_passkey/i18n/es_419.po for language es_VE 
2026-09-21 03:28:27,413 62186 INFO None odoo.addons.base.models.ir_module: module auth_totp: loading translation file /home/soporte/odoo/odoo_19/addons/auth_totp/i18n/es.po for language es_VE 
2026-09-21 03:28:27,417 62186 INFO None odoo.addons.base.models.ir_module: module auth_totp: loading translation file /home/soporte/odoo/odoo_19/addons/auth_totp/i18n/es_419.po for language es_VE 
2026-09-21 03:28:27,423 62186 INFO None odoo.addons.base.models.ir_module: module base_import: loading translation file /home/soporte/odoo/odoo_19/addons/base_import/i18n/es.po for language es_VE 
2026-09-21 03:28:27,430 62186 INFO None odoo.addons.base.models.ir_module: module base_import: loading translation file /home/soporte/odoo/odoo_19/addons/base_import/i18n/es_419.po for language es_VE 
2026-09-21 03:28:27,438 62186 INFO None odoo.addons.base.models.ir_module: module base_import_module: loading translation file /home/soporte/odoo/odoo_19/addons/base_import_module/i18n/es.po for language es_VE 
2026-09-21 03:28:27,441 62186 INFO None odoo.addons.base.models.ir_module: module base_import_module: loading translation file /home/soporte/odoo/odoo_19/addons/base_import_module/i18n/es_419.po for language es_VE 
2026-09-21 03:28:27,445 62186 INFO None odoo.addons.base.models.ir_module: module bus: loading translation file /home/soporte/odoo/odoo_19/addons/bus/i18n/es.po for language es_VE 
2026-09-21 03:28:27,447 62186 INFO None odoo.addons.base.models.ir_module: module bus: loading translation file /home/soporte/odoo/odoo_19/addons/bus/i18n/es_419.po for language es_VE 
2026-09-21 03:28:27,450 62186 INFO None odoo.addons.base.models.ir_module: module html_editor: loading translation file /home/soporte/odoo/odoo_19/addons/html_editor/i18n/es.po for language es_VE 
2026-09-21 03:28:27,465 62186 INFO None odoo.addons.base.models.ir_module: module html_editor: loading translation file /home/soporte/odoo/odoo_19/addons/html_editor/i18n/es_419.po for language es_VE 
2026-09-21 03:28:27,481 62186 INFO None odoo.addons.base.models.ir_module: module iap: loading translation file /home/soporte/odoo/odoo_19/addons/iap/i18n/es.po for language es_VE 
2026-09-21 03:28:27,484 62186 INFO None odoo.addons.base.models.ir_module: module iap: loading translation file /home/soporte/odoo/odoo_19/addons/iap/i18n/es_419.po for language es_VE 
2026-09-21 03:28:27,488 62186 INFO None odoo.addons.base.models.ir_module: module web_tour: loading translation file /home/soporte/odoo/odoo_19/addons/web_tour/i18n/es.po for language es_VE 
2026-09-21 03:28:27,492 62186 INFO None odoo.addons.base.models.ir_module: module web_tour: loading translation file /home/soporte/odoo/odoo_19/addons/web_tour/i18n/es_419.po for language es_VE 
2026-09-21 03:28:27,670 62186 INFO None odoo.addons.base.models.ir_module: module web_unsplash: loading translation file /home/soporte/odoo/odoo_19/addons/web_unsplash/i18n/es.po for language es_VE 
2026-09-21 03:28:27,672 62186 INFO None odoo.addons.base.models.ir_module: module web_unsplash: loading translation file /home/soporte/odoo/odoo_19/addons/web_unsplash/i18n/es_419.po for language es_VE 
2026-09-21 03:28:29,084 62186 INFO None odoo.addons.base.models.res_users: Login successful for login:jose.gs1574@gmail.com from 127.0.0.1 
2026-09-21 03:28:29,100 62186 INFO None werkzeug: 127.0.0.1 - - [21/Sep/2026 03:28:29] "POST /web/database/create HTTP/1.1" 303 - 19751 6.982 13.038
2026-09-21 03:28:29,183 62186 INFO goca odoo.addons.base.models.ir_http: Generating routing map for key None 
2026-09-21 03:28:29,194 62186 INFO goca odoo.addons.base.models.res_device: User 2 inserts device log (Ilka4RyQN24jZnkrVyxvAdIUWJ1-z0ZQxZyskNbdPe) 
2026-09-21 03:28:29,352 62186 INFO goca werkzeug: 127.0.0.1 - - [21/Sep/2026 03:28:29] "GET /odoo HTTP/1.1" 200 - 56 0.023 0.148
2026-09-21 03:28:29,884 62186 INFO goca werkzeug: 127.0.0.1 - - [21/Sep/2026 03:28:29] "GET /web/webclient/load_menus HTTP/1.1" 200 - 12 0.009 0.011
2026-09-21 03:28:29,897 62186 INFO goca werkzeug: 127.0.0.1 - - [21/Sep/2026 03:28:29] "GET /web/manifest.webmanifest HTTP/1.1" 200 - 6 0.004 0.005
2026-09-21 03:28:31,415 62186 INFO goca odoo.addons.base.models.assetsbundle: Generating a new asset bundle attachment /web/assets/24c92c9/web.assets_web.min.css (id:14) 
2026-09-21 03:28:31,477 62186 INFO goca werkzeug: 127.0.0.1 - - [21/Sep/2026 03:28:31] "GET /web/assets/24c92c9/web.assets_web.min.css HTTP/1.1" 200 - 15 0.062 1.565
2026-09-21 03:28:34,481 62186 INFO goca odoo.addons.base.models.assetsbundle: Generating a new asset bundle attachment /web/assets/954ae00/web.assets_web_print.min.css (id:15) 
2026-09-21 03:28:34,501 62186 INFO goca werkzeug: 127.0.0.1 - - [21/Sep/2026 03:28:34] "GET /web/assets/954ae00/web.assets_web_print.min.css HTTP/1.1" 200 - 8 0.046 2.361
2026-09-21 03:28:35,247 62186 INFO goca odoo.addons.base.models.assetsbundle: Generating a new asset bundle attachment /web/assets/046ac18/web.assets_web.min.js (id:16) 
2026-09-21 03:28:35,259 62186 INFO goca werkzeug: 127.0.0.1 - - [21/Sep/2026 03:28:35] "GET /web/assets/046ac18/web.assets_web.min.js HTTP/1.1" 200 - 11 0.004 5.438
2026-09-21 03:28:36,051 62186 INFO ? werkzeug: 127.0.0.1 - - [21/Sep/2026 03:28:36] "GET /web/static/img/odoo-icon-192x192.png HTTP/1.1" 200 - 0 0.000 0.002
2026-09-21 03:28:37,083 62186 INFO goca odoo.addons.base.models.ir_cron: Job 'Base: Auto-vacuum internal data' (1) starting 
2026-09-21 03:28:37,370 62186 INFO goca odoo.addons.base.models.res_device: GC device logs delete 0 entries 
2026-09-21 03:28:37,454 62186 INFO goca werkzeug: 127.0.0.1 - - [21/Sep/2026 03:28:37] "GET /web/webclient/translations?hash=&lang=es_VE HTTP/1.1" 200 - 2 0.001 1.354
2026-09-21 03:28:37,522 62186 INFO goca odoo.addons.base.models.res_users: GC 'auth_totp.device' delete 0 entries 
2026-09-21 03:28:37,562 62186 INFO goca odoo.addons.base.models.res_device: GC device logs delete 0 entries 
2026-09-21 03:28:37,584 62186 INFO goca odoo.addons.api_doc.models.ir_attachment: GC'd 0 /doc cached index 
2026-09-21 03:28:37,594 62186 INFO goca odoo.addons.base.models.res_users: GC 'res.users.apikeys' delete 0 entries 
2026-09-21 03:28:37,646 62186 INFO goca odoo.addons.base.models.ir_attachment: filestore gc 13 checked, 0 removed 
2026-09-21 03:28:37,833 62186 INFO goca odoo.addons.base.models.res_users: GC'd 0 user log entries 
2026-09-21 03:28:37,882 62186 INFO goca odoo.addons.base.models.ir_cron: Job 'Base: Auto-vacuum internal data' (1) fully done (#loop 1; done 44; remaining 0; duration 0.80s) 
2026-09-21 03:28:37,893 62186 INFO goca odoo.addons.base.models.ir_cron: Job 'Base: Portal Users Deletion' (2) starting 
2026-09-21 03:28:37,919 62186 INFO goca odoo.addons.base.models.assetsbundle: Generating a new asset bundle attachment /web/assets/f1ce68b/bus.websocket_worker_assets.min.js (id:17) 
2026-09-21 03:28:37,926 62186 INFO goca werkzeug: 127.0.0.1 - - [21/Sep/2026 03:28:37] "GET /bus/websocket_worker_bundle?v=19.0-2 HTTP/1.1" 200 - 8 0.006 0.029
2026-09-21 03:28:37,933 62186 INFO goca odoo.addons.base.models.ir_cron: Job 'Base: Portal Users Deletion' (2) fully done (#loop 1; done 0; remaining 0; duration 0.04s) 
2026-09-21 03:28:37,937 62186 INFO goca werkzeug: 127.0.0.1 - - [21/Sep/2026 03:28:37] "GET /web/service-worker.js HTTP/1.1" 200 - 1 0.001 0.002
2026-09-21 03:28:37,953 62186 INFO goca werkzeug: 127.0.0.1 - - [21/Sep/2026 03:28:37] "POST /web/action/load HTTP/1.1" 200 - 10 0.006 0.008
2026-09-21 03:28:37,970 62186 INFO ? werkzeug: 127.0.0.1 - - [21/Sep/2026 03:28:37] "GET /web/static/lib/odoo_ui_icons/fonts/odoo_ui_icons.woff2 HTTP/1.1" 200 - 0 0.000 0.002
2026-09-21 03:28:37,973 62186 INFO goca werkzeug: 127.0.0.1 - - [21/Sep/2026 03:28:37] "GET /web/image?model=res.users&field=avatar_128&id=2 HTTP/1.1" 200 - 15 0.012 0.023
2026-09-21 03:28:37,974 62186 INFO goca werkzeug: 127.0.0.1 - - [21/Sep/2026 03:28:37] "GET /web/image/res.partner/3/avatar_128?unique=1789975706000 HTTP/1.1" 200 - 7 0.006 0.013
2026-09-21 03:28:38,333 62186 INFO goca werkzeug: 127.0.0.1 - - [21/Sep/2026 03:28:38] "GET /websocket?version=19.0-2 HTTP/1.1" 101 - 1 0.001 0.003
2026-09-21 03:28:38,363 62186 INFO goca werkzeug: 127.0.0.1 - - [21/Sep/2026 03:28:38] "GET /odoo HTTP/1.1" 200 - 9 0.008 0.013
2026-09-21 03:28:38,364 62186 INFO goca werkzeug: 127.0.0.1 - - [21/Sep/2026 03:28:38] "GET /odoo/offline HTTP/1.1" 200 - 6 0.006 0.012
2026-09-21 03:28:38,455 62186 INFO goca werkzeug: 127.0.0.1 - - [21/Sep/2026 03:28:38] "POST /web/dataset/call_kw/ir.module.module/get_views#ir.module.module.get_views HTTP/1.1" 200 - 44 0.025 0.035
2026-09-21 03:28:38,715 62186 INFO ? odoo.addons.bus.models.bus: Bus.loop listen imbus on db postgres 
2026-09-21 03:28:38,862 62186 INFO goca werkzeug: 127.0.0.1 - - [21/Sep/2026 03:28:38] "POST /web/dataset/call_kw/ir.module.module/search_panel_select_range#ir.module.module.search_panel_select_range HTTP/1.1" 200 - 1 0.001 0.002
2026-09-21 03:28:38,931 62186 INFO goca werkzeug: 127.0.0.1 - - [21/Sep/2026 03:28:38] "POST /web/dataset/call_kw/ir.module.module/search_panel_select_range#ir.module.module.search_panel_select_range HTTP/1.1" 200 - 43 0.014 0.016
2026-09-21 03:28:38,936 62186 INFO goca werkzeug: 127.0.0.1 - - [21/Sep/2026 03:28:38] "POST /web/dataset/call_kw/ir.module.module/check_module_update#ir.module.module.check_module_update HTTP/1.1" 200 - 2 0.001 0.003
2026-09-21 03:28:38,945 62186 INFO goca werkzeug: 127.0.0.1 - - [21/Sep/2026 03:28:38] "POST /web/dataset/call_kw/ir.module.module/web_search_read#ir.module.module.web_search_read HTTP/1.1" 200 - 3 0.003 0.035
2026-09-21 03:28:39,394 62186 INFO goca werkzeug: 127.0.0.1 - - [21/Sep/2026 03:28:39] "POST /web/dataset/call_kw/ir.module.module/check_module_update#ir.module.module.check_module_update HTTP/1.1" 200 - 2 0.001 0.002
2026-09-21 03:28:39,825 62186 INFO ? werkzeug: 127.0.0.1 - - [21/Sep/2026 03:28:39] "GET /sale_management/static/description/icon.png HTTP/1.1" 200 - 0 0.000 0.001
2026-09-21 03:28:39,837 62186 INFO ? werkzeug: 127.0.0.1 - - [21/Sep/2026 03:28:39] "GET /account/static/description/icon.png HTTP/1.1" 200 - 0 0.000 0.001
2026-09-21 03:28:39,854 62186 INFO ? werkzeug: 127.0.0.1 - - [21/Sep/2026 03:28:39] "GET /pos_restaurant/static/description/icon.png HTTP/1.1" 200 - 0 0.000 0.001
2026-09-21 03:28:39,893 62186 INFO ? werkzeug: 127.0.0.1 - - [21/Sep/2026 03:28:39] "GET /crm/static/description/icon.png HTTP/1.1" 200 - 0 0.000 0.001
2026-09-21 03:28:39,895 62186 INFO ? werkzeug: 127.0.0.1 - - [21/Sep/2026 03:28:39] "GET /base/static/img/icons/mrp_workorder.png HTTP/1.1" 200 - 0 0.000 0.001
2026-09-21 03:28:39,897 62186 INFO ? werkzeug: 127.0.0.1 - - [21/Sep/2026 03:28:39] "GET /website/static/description/icon.png HTTP/1.1" 200 - 0 0.000 0.001
2026-09-21 03:28:40,303 62186 INFO ? werkzeug: 127.0.0.1 - - [21/Sep/2026 03:28:40] "GET /point_of_sale/static/description/icon.png HTTP/1.1" 200 - 0 0.000 0.001
2026-09-21 03:28:40,318 62186 INFO ? werkzeug: 127.0.0.1 - - [21/Sep/2026 03:28:40] "GET /base/static/img/icons/web_studio.png HTTP/1.1" 200 - 0 0.000 0.001
2026-09-21 03:28:40,320 62186 INFO ? werkzeug: 127.0.0.1 - - [21/Sep/2026 03:28:40] "GET /hr_holidays/static/description/icon.png HTTP/1.1" 200 - 0 0.000 0.001
2026-09-21 03:28:40,338 62186 INFO ? werkzeug: 127.0.0.1 - - [21/Sep/2026 03:28:40] "GET /mass_mailing/static/description/icon.png HTTP/1.1" 200 - 0 0.000 0.001
2026-09-21 03:28:40,351 62186 INFO ? werkzeug: 127.0.0.1 - - [21/Sep/2026 03:28:40] "GET /website_sale/static/description/icon.png HTTP/1.1" 200 - 0 0.000 0.001
2026-09-21 03:28:40,375 62186 INFO ? werkzeug: 127.0.0.1 - - [21/Sep/2026 03:28:40] "GET /mrp/static/description/icon.png HTTP/1.1" 200 - 0 0.000 0.001
2026-09-21 03:28:40,774 62186 INFO ? werkzeug: 127.0.0.1 - - [21/Sep/2026 03:28:40] "GET /project/static/description/icon.png HTTP/1.1" 200 - 0 0.000 0.001
2026-09-21 03:28:40,776 62186 INFO ? werkzeug: 127.0.0.1 - - [21/Sep/2026 03:28:40] "GET /base/static/img/icons/helpdesk.png HTTP/1.1" 200 - 0 0.000 0.001
2026-09-21 03:28:40,802 62186 INFO ? werkzeug: 127.0.0.1 - - [21/Sep/2026 03:28:40] "GET /purchase/static/description/icon.png HTTP/1.1" 200 - 0 0.000 0.001
2026-09-21 03:28:40,819 62186 INFO ? werkzeug: 127.0.0.1 - - [21/Sep/2026 03:28:40] "GET /base/static/img/icons/knowledge.png HTTP/1.1" 200 - 0 0.000 0.001
2026-09-21 03:28:40,833 62186 INFO ? werkzeug: 127.0.0.1 - - [21/Sep/2026 03:28:40] "GET /base/static/img/icons/account_accountant.png HTTP/1.1" 200 - 0 0.000 0.001
2026-09-21 03:28:40,846 62186 INFO ? werkzeug: 127.0.0.1 - - [21/Sep/2026 03:28:40] "GET /base/static/img/icons/industry_fsm.png HTTP/1.1" 200 - 0 0.000 0.001
2026-09-21 03:28:41,238 62186 INFO ? werkzeug: 127.0.0.1 - - [21/Sep/2026 03:28:41] "GET /hr/static/description/icon.png HTTP/1.1" 200 - 0 0.000 0.001
2026-09-21 03:28:41,253 62186 INFO ? werkzeug: 127.0.0.1 - - [21/Sep/2026 03:28:41] "GET /base/static/img/icons/sale_subscription.png HTTP/1.1" 200 - 0 0.000 0.001
2026-09-21 03:28:41,270 62186 INFO ? werkzeug: 127.0.0.1 - - [21/Sep/2026 03:28:41] "GET /stock/static/description/icon.png HTTP/1.1" 200 - 0 0.000 0.001
2026-09-21 03:28:41,304 62186 INFO ? werkzeug: 127.0.0.1 - - [21/Sep/2026 03:28:41] "GET /base/static/img/icons/sign.png HTTP/1.1" 200 - 0 0.000 0.001
2026-09-21 03:28:41,311 62186 INFO ? werkzeug: 127.0.0.1 - - [21/Sep/2026 03:28:41] "GET /base/static/img/icons/timesheet_grid.png HTTP/1.1" 200 - 0 0.000 0.001
2026-09-21 03:28:41,325 62186 INFO ? werkzeug: 127.0.0.1 - - [21/Sep/2026 03:28:41] "GET /maintenance/static/description/icon.png HTTP/1.1" 200 - 0 0.000 0.001
2026-09-21 03:28:41,684 62186 INFO ? werkzeug: 127.0.0.1 - - [21/Sep/2026 03:28:41] "GET /hr_expense/static/description/icon.png HTTP/1.1" 200 - 0 0.000 0.001
2026-09-21 03:28:41,732 62186 INFO ? werkzeug: 127.0.0.1 - - [21/Sep/2026 03:28:41] "GET /marketing_card/static/description/icon.png HTTP/1.1" 200 - 0 0.000 0.001
2026-09-21 03:28:41,756 62186 INFO ? werkzeug: 127.0.0.1 - - [21/Sep/2026 03:28:41] "GET /hr_recruitment/static/description/icon.png HTTP/1.1" 200 - 0 0.000 0.001
2026-09-21 03:28:41,757 62186 INFO ? werkzeug: 127.0.0.1 - - [21/Sep/2026 03:28:41] "GET /data_recycle/static/description/icon.png HTTP/1.1" 200 - 0 0.000 0.001
2026-09-21 03:28:41,790 62186 INFO ? werkzeug: 127.0.0.1 - - [21/Sep/2026 03:28:41] "GET /base/static/img/icons/quality_control.png HTTP/1.1" 200 - 0 0.000 0.001
2026-09-21 03:28:41,806 62186 INFO ? werkzeug: 127.0.0.1 - - [21/Sep/2026 03:28:41] "GET /website_slides/static/description/icon.png HTTP/1.1" 200 - 0 0.000 0.001
2026-09-21 03:28:42,139 62186 INFO ? werkzeug: 127.0.0.1 - - [21/Sep/2026 03:28:42] "GET /base/static/img/icons/planning.png HTTP/1.1" 200 - 0 0.000 0.002
2026-09-21 03:28:42,173 62186 INFO ? werkzeug: 127.0.0.1 - - [21/Sep/2026 03:28:42] "GET /website_event/static/description/icon.png HTTP/1.1" 200 - 0 0.000 0.001
2026-09-21 03:28:42,246 62186 INFO ? werkzeug: 127.0.0.1 - - [21/Sep/2026 03:28:42] "GET /mail/static/description/icon.png HTTP/1.1" 200 - 0 0.000 0.003
2026-09-21 03:28:42,246 62186 INFO ? werkzeug: 127.0.0.1 - - [21/Sep/2026 03:28:42] "GET /contacts/static/description/icon.png HTTP/1.1" 200 - 0 0.000 0.003
2026-09-21 03:28:42,247 62186 INFO ? werkzeug: 127.0.0.1 - - [21/Sep/2026 03:28:42] "GET /calendar/static/description/icon.png HTTP/1.1" 200 - 0 0.000 0.003
2026-09-21 03:28:42,286 62186 INFO ? werkzeug: 127.0.0.1 - - [21/Sep/2026 03:28:42] "GET /base/static/img/icons/mrp_plm.png HTTP/1.1" 200 - 0 0.000 0.001
2026-09-21 03:28:42,580 62186 INFO ? werkzeug: 127.0.0.1 - - [21/Sep/2026 03:28:42] "GET /base/static/img/icons/social.png HTTP/1.1" 200 - 0 0.000 0.001
2026-09-21 03:28:42,589 62186 INFO ? werkzeug: 127.0.0.1 - - [21/Sep/2026 03:28:42] "GET /base/static/img/icons/hr_appraisal.png HTTP/1.1" 200 - 0 0.000 0.001
2026-09-21 03:28:42,706 62186 INFO ? werkzeug: 127.0.0.1 - - [21/Sep/2026 03:28:42] "GET /im_livechat/static/description/icon.png HTTP/1.1" 200 - 0 0.000 0.001
2026-09-21 03:28:42,724 62186 INFO ? werkzeug: 127.0.0.1 - - [21/Sep/2026 03:28:42] "GET /fleet/static/description/icon.png HTTP/1.1" 200 - 0 0.000 0.001
2026-09-21 03:28:42,732 62186 INFO ? werkzeug: 127.0.0.1 - - [21/Sep/2026 03:28:42] "GET /base/static/img/icons/marketing_automation.png HTTP/1.1" 200 - 0 0.000 0.001
2026-09-21 03:28:42,736 62186 INFO ? werkzeug: 127.0.0.1 - - [21/Sep/2026 03:28:42] "GET /base/static/img/icons/appointment.png HTTP/1.1" 200 - 0 0.000 0.001
2026-09-21 03:28:43,025 62186 INFO ? werkzeug: 127.0.0.1 - - [21/Sep/2026 03:28:43] "GET /survey/static/description/icon.png HTTP/1.1" 200 - 0 0.000 0.001
2026-09-21 03:28:43,040 62186 INFO ? werkzeug: 127.0.0.1 - - [21/Sep/2026 03:28:43] "GET /base/static/img/icons/web_mobile.png HTTP/1.1" 200 - 0 0.000 0.001
2026-09-21 03:28:43,155 62186 INFO ? werkzeug: 127.0.0.1 - - [21/Sep/2026 03:28:43] "GET /repair/static/description/icon.png HTTP/1.1" 200 - 0 0.000 0.001
2026-09-21 03:28:43,172 62186 INFO ? werkzeug: 127.0.0.1 - - [21/Sep/2026 03:28:43] "GET /hr_attendance/static/description/icon.png HTTP/1.1" 200 - 0 0.000 0.001
2026-09-21 03:28:43,187 62186 INFO ? werkzeug: 127.0.0.1 - - [21/Sep/2026 03:28:43] "GET /mass_mailing_sms/static/description/icon.png HTTP/1.1" 200 - 0 0.000 0.001
2026-09-21 03:28:43,190 62186 INFO ? werkzeug: 127.0.0.1 - - [21/Sep/2026 03:28:43] "GET /base/static/img/icons/stock_barcode.png HTTP/1.1" 200 - 0 0.000 0.001
2026-09-21 03:28:43,468 62186 INFO ? werkzeug: 127.0.0.1 - - [21/Sep/2026 03:28:43] "GET /project_todo/static/description/icon.png HTTP/1.1" 200 - 0 0.000 0.001
2026-09-21 03:28:43,489 62186 INFO ? werkzeug: 127.0.0.1 - - [21/Sep/2026 03:28:43] "GET /hr_skills/static/description/icon.png HTTP/1.1" 200 - 0 0.000 0.001
2026-09-21 03:28:43,640 62186 INFO ? werkzeug: 127.0.0.1 - - [21/Sep/2026 03:28:43] "GET /base/static/img/icons/voip.png HTTP/1.1" 200 - 0 0.000 0.001
2026-09-21 03:28:43,642 62186 INFO ? werkzeug: 127.0.0.1 - - [21/Sep/2026 03:28:43] "GET /lunch/static/description/icon.png HTTP/1.1" 200 - 0 0.000 0.004
2026-09-21 03:28:43,644 62186 INFO ? werkzeug: 127.0.0.1 - - [21/Sep/2026 03:28:43] "GET /website_hr_recruitment/static/description/icon.png HTTP/1.1" 200 - 0 0.000 0.001
2026-09-21 03:28:43,683 62186 INFO ? werkzeug: 127.0.0.1 - - [21/Sep/2026 03:28:43] "GET /base/static/img/icons/sale_amazon.png HTTP/1.1" 200 - 0 0.000 0.001
2026-09-21 03:28:48,131 62186 INFO goca werkzeug: 127.0.0.1 - - [21/Sep/2026 03:28:48] "GET /web/session/logout HTTP/1.1" 303 - 1 0.002 0.004
2026-09-21 03:28:48,220 62186 INFO goca werkzeug: 127.0.0.1 - - [21/Sep/2026 03:28:48] "GET /odoo HTTP/1.1" 303 - 4 0.002 0.006
2026-09-21 03:28:48,754 62186 INFO goca werkzeug: 127.0.0.1 - - [21/Sep/2026 03:28:48] "GET /web/login?redirect=/odoo? HTTP/1.1" 200 - 41 0.014 0.100
2026-09-21 03:28:49,193 62186 INFO goca werkzeug: 127.0.0.1 - - [21/Sep/2026 03:28:49] "GET /web/binary/company_logo HTTP/1.1" 200 - 5 0.002 0.005
2026-09-21 03:28:50,183 62186 INFO goca odoo.addons.base.models.assetsbundle: Generating a new asset bundle attachment /web/assets/4a8a0ca/web.assets_frontend_minimal.min.js (id:19) 
2026-09-21 03:28:50,185 62186 INFO goca odoo.addons.base.models.assetsbundle: Generating a new asset bundle attachment /web/assets/95ff25c/web.assets_frontend.min.css (id:18) 
2026-09-21 03:28:50,190 62186 INFO goca werkzeug: 127.0.0.1 - - [21/Sep/2026 03:28:50] "GET /web/assets/4a8a0ca/web.assets_frontend_minimal.min.js HTTP/1.1" 200 - 12 0.030 0.032
2026-09-21 03:28:50,193 62186 INFO goca werkzeug: 127.0.0.1 - - [21/Sep/2026 03:28:50] "GET /web/assets/95ff25c/web.assets_frontend.min.css HTTP/1.1" 200 - 12 0.019 0.957
2026-09-21 03:28:51,715 62186 INFO goca odoo.addons.base.models.assetsbundle: Generating a new asset bundle attachment /web/assets/527ba6c/web.assets_frontend_lazy.min.js (id:20) 
2026-09-21 03:28:51,722 62186 INFO goca werkzeug: 127.0.0.1 - - [21/Sep/2026 03:28:51] "GET /web/assets/527ba6c/web.assets_frontend_lazy.min.js HTTP/1.1" 200 - 12 0.004 0.977
2026-09-21 03:28:52,586 62186 INFO goca werkzeug: 127.0.0.1 - - [21/Sep/2026 03:28:52] "GET /web/webclient/translations?hash=&lang= HTTP/1.1" 200 - 5 0.002 0.036
2026-09-21 03:28:53,227 62186 INFO goca werkzeug: 127.0.0.1 - - [21/Sep/2026 03:28:53] "GET /web/database/manager HTTP/1.1" 200 - 7 0.004 0.491
2026-09-21 03:29:33,634 62186 INFO goca werkzeug: 127.0.0.1 - - [21/Sep/2026 03:29:33] "GET /web/service-worker.js HTTP/1.1" 200 - 5 0.002 0.005
2026-09-21 03:29:38,009 62186 INFO goca odoo.addons.base.models.ir_cron: Job 'Base: Auto-vacuum internal data' (1) starting 
2026-09-21 03:29:38,100 62186 INFO goca odoo.addons.base.models.ir_attachment: filestore gc 4 checked, 0 removed 
2026-09-21 03:29:38,211 62186 INFO goca odoo.addons.base.models.res_device: GC device logs delete 0 entries 
2026-09-21 03:29:38,246 62186 INFO goca odoo.addons.api_doc.models.ir_attachment: GC'd 0 /doc cached index 
2026-09-21 03:29:38,294 62186 INFO goca odoo.addons.base.models.res_users: GC'd 0 user log entries 
2026-09-21 03:29:38,353 62186 INFO goca odoo.addons.base.models.res_users: GC 'res.users.apikeys' delete 0 entries 
2026-09-21 03:29:38,401 62186 INFO goca odoo.addons.base.models.res_device: GC device logs delete 0 entries 
2026-09-21 03:29:38,483 62186 INFO goca odoo.addons.base.models.res_users: GC 'auth_totp.device' delete 0 entries 
2026-09-21 03:29:38,550 62186 INFO goca odoo.addons.base.models.ir_cron: Job 'Base: Auto-vacuum internal data' (1) fully done (#loop 1; done 44; remaining 0; duration 0.54s) 
2026-09-21 03:30:08,451 62186 INFO goca odoo.service.db: RESTORING DB: goca-odoo 
2026-09-21 03:30:38,584 62186 WARNING goca-odoo odoo.addons.base.models.ir_cron: Exception in cron: 
Traceback (most recent call last):
  File "/home/soporte/odoo/odoo_19/odoo/addons/base/models/ir_cron.py", line 194, in _process_jobs
    cls._check_version(cron_cr)
    ~~~~~~~~~~~~~~~~~~^^^^^^^^^
  File "/home/soporte/odoo/odoo_19/odoo/addons/base/models/ir_cron.py", line 248, in _check_version
    (version,) = cron_cr.fetchone()
    ^^^^^^^^^^
TypeError: cannot unpack non-iterable NoneType object
2026-09-21 03:30:41,012 62186 WARNING goca-odoo odoo.addons.base.models.ir_cron: Exception in cron: 
Traceback (most recent call last):
  File "/home/soporte/odoo/odoo_19/odoo/addons/base/models/ir_cron.py", line 194, in _process_jobs
    cls._check_version(cron_cr)
    ~~~~~~~~~~~~~~~~~~^^^^^^^^^
  File "/home/soporte/odoo/odoo_19/odoo/addons/base/models/ir_cron.py", line 248, in _check_version
    (version,) = cron_cr.fetchone()
    ^^^^^^^^^^
TypeError: cannot unpack non-iterable NoneType object
2026-09-21 03:31:19,003 62186 INFO goca odoo.modules.loading: loading 1 modules... 
2026-09-21 03:31:19,009 62186 INFO goca odoo.modules.loading: 1 modules loaded in 0.01s, 0 queries (+0 extra) 
2026-09-21 03:31:19,017 62186 WARNING goca odoo.modules.module_graph: module web_responsive: not installable, skipped 
2026-09-21 03:31:19,020 62186 INFO goca odoo.modules.loading: loading 112 modules... 
2026-09-21 03:31:21,364 62186 INFO goca odoo.modules.loading: 112 modules loaded in 2.34s, 0 queries (+0 extra) 
2026-09-21 03:31:21,722 62186 ERROR goca odoo.modules.loading: Some modules are not loaded, some dependencies or manifest may be missing: ['web_responsive'] 
2026-09-21 03:31:21,724 62186 INFO goca odoo.modules.loading: Modules loaded. 
2026-09-21 03:31:21,752 62186 INFO goca odoo.registry: Registry loaded in 2.760s 
2026-09-21 03:31:21,828 62186 INFO goca odoo.service.db: RESTORE DB: goca-odoo 
2026-09-21 03:31:21,832 62186 INFO goca werkzeug: 127.0.0.1 - - [21/Sep/2026 03:31:21] "POST /web/database/restore HTTP/1.1" 303 - 51 0.164 74.741
2026-09-21 03:31:22,768 62186 INFO goca werkzeug: 127.0.0.1 - - [21/Sep/2026 03:31:22] "GET /web/database/manager HTTP/1.1" 200 - 9 0.006 0.496
2026-09-21 03:31:38,619 62186 INFO goca-odoo odoo.addons.base.models.ir_cron: Job 'Base: Auto-vacuum internal data' (1) starting 
2026-09-21 03:31:39,214 62186 INFO goca-odoo odoo.addons.base.models.res_device: GC device logs delete 0 entries 
2026-09-21 03:31:39,530 62186 INFO goca-odoo odoo.addons.sms.models.sms_sms: GC'd 0 sms marked for deletion 
2026-09-21 03:31:39,585 62186 INFO goca-odoo odoo.addons.base.models.ir_attachment: filestore gc 0 checked, 0 removed 
2026-09-21 03:31:39,662 62186 INFO goca-odoo odoo.addons.base.models.res_users: GC'd 0 user log entries 
2026-09-21 03:31:39,783 62186 INFO goca-odoo odoo.addons.base.models.res_users: GC 'res.users.apikeys' delete 0 entries 
2026-09-21 03:31:39,914 62186 INFO goca-odoo odoo.addons.api_doc.models.ir_attachment: GC'd 0 /doc cached index 
2026-09-21 03:31:40,101 62186 INFO goca-odoo odoo.addons.base.models.res_device: GC device logs delete 0 entries 
2026-09-21 03:31:40,187 62186 INFO goca-odoo odoo.addons.base.models.res_users: GC 'auth_totp.device' delete 0 entries 
2026-09-21 03:31:40,453 62186 INFO goca-odoo odoo.models.unlink: User #1 deleted ir.cron.progress records with IDs: [7892, 7893, 7894, 7895, 7896, 7897, 7898, 7899, 7900, 7901, 7902, 7903, 7904, 7905, 7906, 7907, 7908, 7909, 7910, 7911, 7912, 7913, 7914, 7915, 7916, 7917, 7918, 7919, 7920, 7921, 7922, 7923, 7924, 7925, 7926, 7927, 7928, 7929, 7930, 7931, 7932, 7933, 7934, 7935, 7936, 7937, 7938, 7939, 7940, 7941, 7942, 7943, 7944, 7945, 7946, 7947, 7948, 7949, 7950, 7951, 7952, 7953, 7954, 7955, 7956, 7957, 7958, 7959, 7960, 7961, 7962, 7963, 7964, 7965, 7966, 7967, 7968, 7969, 7970, 7971, 7972, 7973, 7974, 7975, 7976, 7977, 7978, 7979, 7980, 7981, 7982, 7983, 7984, 7985, 7986, 7987, 7988, 7989, 7990, 7991, 7992, 7993, 7994, 7995, 7996, 7997, 7998, 7999, 8000, 8001, 8002, 8003, 8004, 8005, 8006, 8007, 8008, 8009, 8010, 8011, 8012, 8013, 8014, 8015, 8016, 8017, 8018, 8019, 8020, 8021, 8022, 8023, 8024, 8025, 8026, 8027, 8028, 8029, 8030, 8031, 8032, 8033, 8034, 8035, 8036, 8037, 8038, 8039, 8040, 8041, 8042, 8043, 8044, 8045, 8046, 8047, 8048, 8049, 8050, 8051, 8052, 8053, 8054, 8055, 8056, 8057, 8058, 8059, 8060, 8061, 8062, 8063, 8064, 8065, 8066, 8067, 8068, 8069, 8070, 8071, 8072, 8073, 8074, 8075, 8076, 8077, 8078, 8079, 8080, 8081, 8082, 8083, 8084, 8085, 8086, 8087, 8088, 8089, 8090, 8091, 8092, 8093, 8094, 8095, 8096, 8097, 8098, 8099, 8100, 8101, 8102, 8103, 8104, 8105, 8106, 8107, 8108, 8109, 8110, 8111, 8112, 8113, 8114, 8115, 8116, 8117, 8118, 8119, 8120, 8121, 8122, 8123, 8124, 8125, 8126, 8127, 8128, 8129, 8130, 8131, 8132, 8133, 8134, 8135, 8136, 8137, 8138, 8139, 8140, 8141, 8142, 8143, 8144, 8145, 8146, 8147, 8148, 8149, 8150, 8151, 8152, 8153, 8154, 8155, 8156, 8157, 8158, 8159, 8160, 8161, 8162, 8163, 8164, 8165, 8166, 8167, 8168, 8169, 8170, 8171, 8172, 8173, 8174, 8175, 8176, 8177, 8178, 8179, 8180, 8181, 8182, 8183, 8184, 8185, 8186, 8187, 8188, 8189, 8190, 8191, 8192, 8193, 8194, 8195, 8196, 8197, 8198, 8199, 8200, 8201, 8202, 8203, 8204, 8205, 8206, 8207, 8208, 8209, 8210, 8211, 8212, 8213, 8214, 8215, 8216, 8217, 8218, 8219, 8220, 8221, 8222, 8223, 8224, 8225, 8226, 8227, 8228, 8229, 8230, 8231, 8232, 8233, 8234, 8235, 8236, 8237, 8238, 8239, 8240, 8241, 8242, 8243, 8244, 8245, 8246, 8247, 8248, 8249, 8250, 8251, 8252, 8253, 8254, 8255, 8256, 8257, 8258, 8259, 8260, 8261, 8262, 8263, 8264, 8265, 8266, 8267, 8268, 8269, 8270, 8271, 8272, 8273, 8274, 8275, 8276, 8277, 8278, 8279, 8280, 8281, 8282, 8283, 8284, 8285, 8286, 8287, 8288, 8289, 8290, 8291, 8292, 8293, 8294, 8295, 8296, 8297, 8298, 8299, 8300, 8301, 8302, 8303, 8304, 8305, 8306, 8307, 8308, 8309, 8310, 8311, 8312, 8313, 8314, 8315, 8316, 8317, 8318, 8319, 8320, 8321, 8322, 8323, 8324, 8325, 8326, 8327, 8328, 8329, 8330, 8331, 8332, 8333, 8334, 8335, 8336, 8337, 8338, 8339, 8340, 8341, 8342, 8343, 8344, 8345, 8346, 8347, 8348, 8349, 8350, 8351, 8352, 8353, 8354, 8355, 8356, 8357, 8358, 8359, 8360, 8361, 8362, 8363, 8364, 8365, 8366, 8367, 8368, 8369, 8370, 8371, 8372, 8373, 8374, 8375, 8376, 8377, 8378, 8379, 8380, 8381, 8382, 8383, 8384, 8385, 8386, 8387, 8388, 8389, 8390, 8391, 8392, 8393, 8394, 8395, 8396, 8397] 
2026-09-21 03:31:40,483 62186 INFO goca-odoo odoo.addons.base.models.ir_cron: Job 'Base: Auto-vacuum internal data' (1) fully done (#loop 1; done 145; remaining 0; duration 1.86s) 
2026-09-21 03:31:40,496 62186 INFO goca-odoo odoo.addons.base.models.ir_cron: Job 'Mail: Post scheduled messages' (7) starting 
2026-09-21 03:31:40,508 62186 INFO goca-odoo odoo.addons.mail.models.mail_scheduled_message: Posting 0 scheduled messages 
2026-09-21 03:31:40,514 62186 INFO goca-odoo odoo.addons.base.models.ir_cron: Job 'Mail: Post scheduled messages' (7) fully done (#loop 1; done 0; remaining 0; duration 0.02s) 
2026-09-21 03:31:40,520 62186 INFO goca-odoo odoo.addons.base.models.ir_cron: Job 'Notification: Notify scheduled messages' (8) starting 
2026-09-21 03:31:40,536 62186 INFO goca-odoo odoo.addons.base.models.ir_cron: Job 'Notification: Notify scheduled messages' (8) fully done (#loop 1; done 0; remaining 0; duration 0.02s) 
2026-09-21 03:31:40,544 62186 INFO goca-odoo odoo.addons.base.models.ir_cron: Job 'Mail: send web push notification' (9) starting 
2026-09-21 03:31:40,560 62186 INFO goca-odoo odoo.addons.base.models.ir_cron: Job 'Mail: send web push notification' (9) fully done (#loop 1; done 0; remaining 0; duration 0.02s) 
2026-09-21 03:31:40,567 62186 INFO goca-odoo odoo.addons.base.models.ir_cron: Job 'Discuss: channel member unmute' (10) starting 
2026-09-21 03:31:40,583 62186 INFO goca-odoo odoo.addons.base.models.ir_cron: Job 'Discuss: channel member unmute' (10) fully done (#loop 1; done 0; remaining 0; duration 0.02s) 
2026-09-21 03:31:40,589 62186 INFO goca-odoo odoo.addons.base.models.ir_cron: Job 'SMS: SMS Queue Manager' (12) starting 
2026-09-21 03:31:40,605 62186 INFO goca-odoo odoo.addons.base.models.ir_cron: Job 'SMS: SMS Queue Manager' (12) fully done (#loop 1; done 0; remaining 0; duration 0.02s) 
2026-09-21 03:31:40,611 62186 INFO goca-odoo odoo.addons.base.models.ir_cron: Job 'Snailmail: process letters queue' (13) starting 
2026-09-21 03:31:40,628 62186 INFO goca-odoo odoo.addons.base.models.ir_cron: Job 'Snailmail: process letters queue' (13) fully done (#loop 1; done 0; remaining 0; duration 0.02s) 
2026-09-21 03:31:40,634 62186 INFO goca-odoo odoo.addons.base.models.ir_cron: Job 'Digest Emails' (14) starting 
2026-09-21 03:31:41,561 62186 INFO goca-odoo odoo.addons.base.models.ir_cron: Job 'Digest Emails' (14) fully done (#loop 1; done 0; remaining 0; duration 0.93s) 
2026-09-21 03:31:41,567 62186 INFO goca-odoo odoo.addons.base.models.ir_cron: Job 'Account: Post draft entries with auto_post enabled and accounting date up to today' (16) starting 
2026-09-21 03:31:41,604 62186 INFO goca-odoo odoo.addons.base.models.ir_cron: Job 'Account: Post draft entries with auto_post enabled and accounting date up to today' (16) fully done (#loop 1; done 0; remaining 0; duration 0.04s) 
2026-09-21 03:31:41,610 62186 INFO goca-odoo odoo.addons.base.models.ir_cron: Job 'Send invoices automatically' (17) starting 
2026-09-21 03:31:41,626 62186 INFO goca-odoo odoo.addons.base.models.ir_cron: Job 'Send invoices automatically' (17) fully done (#loop 1; done 0; remaining 0; duration 0.02s) 
2026-09-21 03:31:41,632 62186 INFO goca-odoo odoo.addons.base.models.ir_cron: Job 'HR Employee: Notify Expiring Contract or Work Permit' (18) starting 
2026-09-21 03:31:41,654 62186 INFO goca-odoo odoo.addons.base.models.ir_cron: Job 'HR Employee: Notify Expiring Contract or Work Permit' (18) fully done (#loop 1; done 0; remaining 0; duration 0.02s) 
2026-09-21 03:31:41,660 62186 INFO goca-odoo odoo.addons.base.models.ir_cron: Job 'HR Employee: Update Current Version' (19) starting 
2026-09-21 03:31:41,679 62186 INFO goca-odoo odoo.addons.base.models.ir_cron: Job 'HR Employee: Update Current Version' (19) fully done (#loop 1; done 0; remaining 0; duration 0.02s) 
2026-09-21 03:31:41,685 62186 INFO goca-odoo odoo.addons.base.models.ir_cron: Job 'Project Stage: Send rating' (20) starting 
2026-09-21 03:31:41,701 62186 INFO goca-odoo odoo.addons.base.models.ir_cron: Job 'Project Stage: Send rating' (20) fully done (#loop 1; done 0; remaining 0; duration 0.02s) 
2026-09-21 03:31:41,707 62186 INFO goca-odoo odoo.addons.base.models.ir_cron: Job 'Procurement: run scheduler' (21) starting 
2026-09-21 03:31:41,758 62186 INFO goca-odoo odoo.addons.stock.models.stock_rule: A batch of 9 moves are assigned and committed 
2026-09-21 03:31:41,776 62186 INFO goca-odoo odoo.addons.base.models.ir_cron: Job 'Procurement: run scheduler' (21) fully done (#loop 1; done 3; remaining 0; duration 0.07s) 
2026-09-21 03:31:41,785 62186 INFO goca-odoo odoo.addons.base.models.ir_cron: Job 'HR Expense: Send Submitted Expenses Mail' (22) starting 
2026-09-21 03:31:41,829 62186 INFO goca-odoo odoo.addons.base.models.ir_cron: Job 'HR Expense: Send Submitted Expenses Mail' (22) fully done (#loop 1; done 0; remaining 0; duration 0.04s) 
2026-09-21 03:31:41,855 62186 INFO goca-odoo odoo.addons.base.models.ir_cron: Job 'Skills: Add an activity to employees with missing or expiring certifications' (23) starting 
2026-09-21 03:31:41,874 62186 INFO goca-odoo odoo.addons.base.models.ir_cron: Job 'Skills: Add an activity to employees with missing or expiring certifications' (23) fully done (#loop 1; done 0; remaining 0; duration 0.02s) 
2026-09-21 03:31:41,881 62186 INFO goca-odoo odoo.addons.base.models.ir_cron: Job 'Purchase reminder' (24) starting 
2026-09-21 03:31:41,898 62186 INFO goca-odoo odoo.addons.base.models.ir_cron: Job 'Purchase reminder' (24) fully done (#loop 1; done 0; remaining 0; duration 0.02s) 
2026-09-21 03:31:41,904 62186 INFO goca-odoo odoo.addons.base.models.ir_cron: Job 'Stock Account: Inventory Valuation Closing' (25) starting 
2026-09-21 03:31:41,921 62186 INFO goca-odoo odoo.addons.base.models.ir_cron: Job 'Stock Account: Inventory Valuation Closing' (25) fully done (#loop 1; done 0; remaining 0; duration 0.02s) 
2026-09-21 03:31:41,927 62186 INFO goca-odoo odoo.addons.base.models.ir_cron: Job 'Gamification: Goal Challenge Check' (29) starting 
2026-09-21 03:31:41,998 62186 INFO goca-odoo odoo.addons.base.models.ir_cron: Job 'Gamification: Goal Challenge Check' (29) fully done (#loop 1; done 0; remaining 0; duration 0.07s) 
2026-09-21 03:31:42,004 62186 INFO goca-odoo odoo.addons.base.models.ir_cron: Job 'Disable unused snippets assets' (31) starting 
2026-09-21 03:31:42,142 62186 INFO goca-odoo odoo.addons.base.models.ir_cron: Job 'Website Visitor : clean inactive visitors' (32) starting 
2026-09-21 03:31:42,215 62186 INFO goca-odoo odoo.models.unlink: User #1 deleted website.visitor records with IDs: [2695, 2693, 2690, 2688, 2687, 2685, 2683, 2682, 2681, 2680, 2679, 2650, 2649, 2647, 2643, 2642, 2641, 2640, 2639, 2638, 2637, 2585, 2583, 2548, 2544, 2543, 2542, 2541, 2540, 2539, 2538, 2537, 2536, 2523, 2522, 2521, 2519, 2518, 2517, 2516, 2514, 2513, 2512, 2511, 2510, 2506, 2504, 2503, 2501, 2500, 2499, 2496, 2494, 2489, 2488, 2487, 2486, 2485, 2484, 2483, 2482, 2481, 2480, 2479, 2478, 2477, 2472, 2471, 2470, 2469, 2468, 2467, 2466, 2465, 2464, 2462, 2461, 2460, 2459, 2458, 2457, 2456, 2455, 2454, 2453, 2452, 2451, 2450, 2449] 
2026-09-21 03:31:42,232 62186 INFO goca-odoo odoo.addons.base.models.ir_cron: Job 'Website Visitor : clean inactive visitors' (32) fully done (#loop 1; done 89; remaining 0; duration 0.09s) 
2026-09-21 03:31:42,261 62186 INFO goca-odoo odoo.addons.base.models.ir_cron: Job 'Mail: Email Queue Manager' (3) starting 
2026-09-21 03:31:42,304 62186 INFO goca-odoo odoo.addons.base.models.ir_cron: Job 'Mail: Email Queue Manager' (3) fully done (#loop 1; done 0; remaining 0; duration 0.04s) 
2026-09-21 03:31:42,312 62186 INFO goca-odoo odoo.addons.base.models.ir_cron: Job 'Users: Notify About Unregistered Users' (11) starting 
2026-09-21 03:31:42,337 62186 INFO goca-odoo odoo.addons.base.models.ir_cron: Job 'Users: Notify About Unregistered Users' (11) fully done (#loop 1; done 0; remaining 0; duration 0.02s) 
2026-09-21 03:31:42,353 62186 INFO goca-odoo odoo.addons.base.models.ir_cron: Job 'Base: Portal Users Deletion' (2) starting 
2026-09-21 03:31:42,380 62186 INFO goca-odoo odoo.addons.base.models.ir_cron: Job 'Base: Portal Users Deletion' (2) fully done (#loop 1; done 0; remaining 0; duration 0.03s) 
2026-09-21 03:31:42,387 62186 INFO goca-odoo odoo.addons.base.models.ir_cron: Job 'Publisher: Update Notification' (4) starting 
2026-09-21 03:31:43,857 62186 INFO goca-odoo odoo.addons.base.models.ir_cron: Job 'Disable unused snippets assets' (31) fully done (#loop 1; done 0; remaining 0; duration 1.85s) 
2026-09-21 03:31:45,198 62186 INFO goca werkzeug: 127.0.0.1 - - [21/Sep/2026 03:31:45] "GET /odoo?db=goca-odoo HTTP/1.1" 302 - 4 0.001 0.005
2026-09-21 03:31:45,283 62186 INFO goca-odoo odoo.addons.base.models.ir_http: Generating routing map for key 1 
2026-09-21 03:31:45,322 62186 INFO goca-odoo werkzeug: 127.0.0.1 - - [21/Sep/2026 03:31:45] "GET /odoo?db=goca-odoo HTTP/1.1" 303 - 8 0.006 0.040
2026-09-21 03:31:46,123 62186 INFO goca-odoo werkzeug: 127.0.0.1 - - [21/Sep/2026 03:31:46] "GET /web/login?redirect=/odoo?db%3Dgoca-odoo HTTP/1.1" 200 - 88 0.045 0.370
2026-09-21 03:31:46,597 62186 INFO goca-odoo odoo.addons.base.models.assetsbundle: Generating a new asset bundle attachment /web/assets/1/193c973/web.assets_frontend_minimal.min.js (id:1331) 
2026-09-21 03:31:46,600 62186 INFO goca-odoo odoo.addons.base.models.assetsbundle: Deleting attachments [1329] (matching /web/assets/1/_______/web.assets_frontend_minimal.min.js) because it was replaced with /web/assets/1/193c973/web.assets_frontend_minimal.min.js 
2026-09-21 03:31:46,600 62186 INFO goca-odoo odoo.addons.base.models.ir_attachment: _read_file reading /home/soporte/.local/share/Odoo/filestore/goca-odoo/24/244c7ef0fa485c0d2ea58dd1ee453ebe0837cbdf 
Traceback (most recent call last):
  File "/home/soporte/odoo/odoo_19/odoo/addons/base/models/ir_attachment.py", line 151, in _file_read
    with open(full_path, 'rb') as f:
         ~~~~^^^^^^^^^^^^^^^^^
FileNotFoundError: [Errno 2] No existe el archivo o el directorio: '/home/soporte/.local/share/Odoo/filestore/goca-odoo/24/244c7ef0fa485c0d2ea58dd1ee453ebe0837cbdf'
2026-09-21 03:31:46,602 62186 INFO goca-odoo odoo.addons.base.models.ir_attachment: _read_file reading /home/soporte/.local/share/Odoo/filestore/goca-odoo/7d/7d491f0c640169793527b37932c246f99e4a1f5b 
Traceback (most recent call last):
  File "/home/soporte/odoo/odoo_19/odoo/addons/base/models/ir_attachment.py", line 151, in _file_read
    with open(full_path, 'rb') as f:
         ~~~~^^^^^^^^^^^^^^^^^
FileNotFoundError: [Errno 2] No existe el archivo o el directorio: '/home/soporte/.local/share/Odoo/filestore/goca-odoo/7d/7d491f0c640169793527b37932c246f99e4a1f5b'
2026-09-21 03:31:46,611 62186 INFO goca-odoo werkzeug: 127.0.0.1 - - [21/Sep/2026 03:31:46] "GET /web/assets/1/193c973/web.assets_frontend_minimal.min.js HTTP/1.1" 200 - 16 0.021 0.043
2026-09-21 03:31:48,226 62186 INFO goca-odoo odoo.addons.base.models.assetsbundle: Generating a new asset bundle attachment /web/assets/1/e660bd4/web.assets_frontend.min.css (id:1332) 
2026-09-21 03:31:48,227 62186 INFO goca-odoo odoo.addons.base.models.assetsbundle: Deleting attachments [1328] (matching /web/assets/1/_______/web.assets_frontend.min.css) because it was replaced with /web/assets/1/e660bd4/web.assets_frontend.min.css 
2026-09-21 03:31:48,324 62186 INFO goca-odoo werkzeug: 127.0.0.1 - - [21/Sep/2026 03:31:48] "GET /web/assets/1/e660bd4/web.assets_frontend.min.css HTTP/1.1" 200 - 18 0.042 1.740
2026-09-21 03:31:48,350 62186 INFO goca-odoo odoo.addons.base.models.ir_cron: Job 'Publisher: Update Notification' (4) fully done (#loop 1; done 0; remaining 0; duration 5.96s) 
2026-09-21 03:31:49,190 62186 ERROR goca-odoo odoo.http: Exception during request handling. 
Traceback (most recent call last):
  File "/home/soporte/odoo/odoo_19/odoo/http.py", line 2825, in __call__
    response = request._serve_db()
  File "/home/soporte/odoo/odoo_19/odoo/http.py", line 2300, in _serve_db
    raise self._update_served_exception(exc)
  File "/home/soporte/odoo/odoo_19/odoo/http.py", line 2298, in _serve_db
    return service_model.retrying(serve_func, env=self.env)
           ~~~~~~~~~~~~~~~~~~~~~~^^^^^^^^^^^^^^^^^^^^^^^^^^
  File "/home/soporte/odoo/odoo_19/odoo/service/model.py", line 188, in retrying
    result = func()
  File "/home/soporte/odoo/odoo_19/odoo/http.py", line 2353, in _serve_ir_http
    response = self.dispatcher.dispatch(rule.endpoint, args)
  File "/home/soporte/odoo/odoo_19/odoo/http.py", line 2475, in dispatch
    return self.request.registry['ir.http']._dispatch(endpoint)
           ~~~~~~~~~~~~~~~~~~~~~~~~~~~~~~~~~~~~~~~~~~^^^^^^^^^^
  File "/home/soporte/odoo/odoo_19/odoo/addons/base/models/ir_http.py", line 355, in _dispatch
    result = endpoint(**request.params)
  File "/home/soporte/odoo/odoo_19/odoo/http.py", line 808, in route_wrapper
    result = endpoint(self, *args, **params_ok)
  File "/home/soporte/odoo/odoo_19/addons/web/controllers/binary.py", line 190, in content_image
    stream = request.env['ir.binary']._get_image_stream_from(
        record, field, filename=filename, filename_field=filename_field,
        mimetype=mimetype, width=int(width), height=int(height), crop=crop,
    )
  File "/home/soporte/odoo/odoo_19/odoo/addons/base/models/ir_binary.py", line 200, in _get_image_stream_from
    stream = self._get_stream_from(
        record, field_name, filename, filename_field, mimetype,
        default_mimetype
    )
  File "/home/soporte/odoo/odoo_19/odoo/addons/base/models/ir_binary.py", line 124, in _get_stream_from
    stream = self._record_to_stream(record, field_name)
  File "/home/soporte/odoo/odoo_19/odoo/addons/base/models/ir_binary.py", line 83, in _record_to_stream
    return field_attachment._to_http_stream()
           ~~~~~~~~~~~~~~~~~~~~~~~~~~~~~~~~^^
  File "/home/soporte/odoo/odoo_19/odoo/addons/base/models/ir_attachment.py", line 921, in _to_http_stream
    stat = os.stat(stream.path)
FileNotFoundError: [Errno 2] No existe el archivo o el directorio: '/home/soporte/.local/share/Odoo/filestore/goca-odoo/4b/4bdb40e89e7d677ea4221947190226e217c86fff'
2026-09-21 03:31:49,193 62186 INFO ? werkzeug: 127.0.0.1 - - [21/Sep/2026 03:31:49] "GET /web/static/img/odoo_logo_tiny.png HTTP/1.1" 200 - 0 0.000 0.001
2026-09-21 03:31:49,196 62186 INFO goca-odoo werkzeug: 127.0.0.1 - - [21/Sep/2026 03:31:49] "GET /web/image/website/1/logo/My%20Website?unique=c09ede8 HTTP/1.1" 500 - 8 0.003 0.016
2026-09-21 03:31:49,385 62186 ERROR goca-odoo odoo.http: Exception during request handling. 
Traceback (most recent call last):
  File "/home/soporte/odoo/odoo_19/odoo/http.py", line 2825, in __call__
    response = request._serve_db()
  File "/home/soporte/odoo/odoo_19/odoo/http.py", line 2300, in _serve_db
    raise self._update_served_exception(exc)
  File "/home/soporte/odoo/odoo_19/odoo/http.py", line 2298, in _serve_db
    return service_model.retrying(serve_func, env=self.env)
           ~~~~~~~~~~~~~~~~~~~~~~^^^^^^^^^^^^^^^^^^^^^^^^^^
  File "/home/soporte/odoo/odoo_19/odoo/service/model.py", line 188, in retrying
    result = func()
  File "/home/soporte/odoo/odoo_19/odoo/http.py", line 2353, in _serve_ir_http
    response = self.dispatcher.dispatch(rule.endpoint, args)
  File "/home/soporte/odoo/odoo_19/odoo/http.py", line 2475, in dispatch
    return self.request.registry['ir.http']._dispatch(endpoint)
           ~~~~~~~~~~~~~~~~~~~~~~~~~~~~~~~~~~~~~~~~~~^^^^^^^^^^
  File "/home/soporte/odoo/odoo_19/odoo/addons/base/models/ir_http.py", line 355, in _dispatch
    result = endpoint(**request.params)
  File "/home/soporte/odoo/odoo_19/odoo/http.py", line 808, in route_wrapper
    result = endpoint(self, *args, **params_ok)
  File "/home/soporte/odoo/odoo_19/addons/web/controllers/binary.py", line 190, in content_image
    stream = request.env['ir.binary']._get_image_stream_from(
        record, field, filename=filename, filename_field=filename_field,
        mimetype=mimetype, width=int(width), height=int(height), crop=crop,
    )
  File "/home/soporte/odoo/odoo_19/odoo/addons/base/models/ir_binary.py", line 200, in _get_image_stream_from
    stream = self._get_stream_from(
        record, field_name, filename, filename_field, mimetype,
        default_mimetype
    )
  File "/home/soporte/odoo/odoo_19/odoo/addons/base/models/ir_binary.py", line 124, in _get_stream_from
    stream = self._record_to_stream(record, field_name)
  File "/home/soporte/odoo/odoo_19/odoo/addons/base/models/ir_binary.py", line 83, in _record_to_stream
    return field_attachment._to_http_stream()
           ~~~~~~~~~~~~~~~~~~~~~~~~~~~~~~~~^^
  File "/home/soporte/odoo/odoo_19/odoo/addons/base/models/ir_attachment.py", line 921, in _to_http_stream
    stat = os.stat(stream.path)
FileNotFoundError: [Errno 2] No existe el archivo o el directorio: '/home/soporte/.local/share/Odoo/filestore/goca-odoo/d0/d09086a0794cf3070f12e742f27126254b4e2b5a'
2026-09-21 03:31:49,389 62186 INFO goca-odoo werkzeug: 127.0.0.1 - - [21/Sep/2026 03:31:49] "GET /web/image/website/1/favicon?unique=c09ede8 HTTP/1.1" 500 - 7 0.003 0.016
2026-09-21 03:31:51,084 62186 INFO goca-odoo werkzeug: 127.0.0.1 - - [21/Sep/2026 03:31:51] "GET /web/login HTTP/1.1" 200 - 10 0.042 0.066
2026-09-21 03:31:51,506 62186 INFO goca-odoo odoo.addons.base.models.assetsbundle: Generating a new asset bundle attachment /web/assets/1/929ec5e/web.assets_frontend_lazy.min.js (id:1333) 
2026-09-21 03:31:51,508 62186 INFO goca-odoo odoo.addons.base.models.assetsbundle: Deleting attachments [1330] (matching /web/assets/1/_______/web.assets_frontend_lazy.min.js) because it was replaced with /web/assets/1/929ec5e/web.assets_frontend_lazy.min.js 
2026-09-21 03:31:51,530 62186 INFO goca-odoo werkzeug: 127.0.0.1 - - [21/Sep/2026 03:31:51] "GET /web/assets/1/929ec5e/web.assets_frontend_lazy.min.js HTTP/1.1" 200 - 14 0.008 2.193
2026-09-21 03:31:51,556 62186 ERROR goca-odoo odoo.http: Exception during request handling. 
Traceback (most recent call last):
  File "/home/soporte/odoo/odoo_19/odoo/http.py", line 2825, in __call__
    response = request._serve_db()
  File "/home/soporte/odoo/odoo_19/odoo/http.py", line 2300, in _serve_db
    raise self._update_served_exception(exc)
  File "/home/soporte/odoo/odoo_19/odoo/http.py", line 2298, in _serve_db
    return service_model.retrying(serve_func, env=self.env)
           ~~~~~~~~~~~~~~~~~~~~~~^^^^^^^^^^^^^^^^^^^^^^^^^^
  File "/home/soporte/odoo/odoo_19/odoo/service/model.py", line 188, in retrying
    result = func()
  File "/home/soporte/odoo/odoo_19/odoo/http.py", line 2353, in _serve_ir_http
    response = self.dispatcher.dispatch(rule.endpoint, args)
  File "/home/soporte/odoo/odoo_19/odoo/http.py", line 2475, in dispatch
    return self.request.registry['ir.http']._dispatch(endpoint)
           ~~~~~~~~~~~~~~~~~~~~~~~~~~~~~~~~~~~~~~~~~~^^^^^^^^^^
  File "/home/soporte/odoo/odoo_19/odoo/addons/base/models/ir_http.py", line 355, in _dispatch
    result = endpoint(**request.params)
  File "/home/soporte/odoo/odoo_19/odoo/http.py", line 808, in route_wrapper
    result = endpoint(self, *args, **params_ok)
  File "/home/soporte/odoo/odoo_19/addons/web/controllers/binary.py", line 190, in content_image
    stream = request.env['ir.binary']._get_image_stream_from(
        record, field, filename=filename, filename_field=filename_field,
        mimetype=mimetype, width=int(width), height=int(height), crop=crop,
    )
  File "/home/soporte/odoo/odoo_19/odoo/addons/base/models/ir_binary.py", line 200, in _get_image_stream_from
    stream = self._get_stream_from(
        record, field_name, filename, filename_field, mimetype,
        default_mimetype
    )
  File "/home/soporte/odoo/odoo_19/odoo/addons/base/models/ir_binary.py", line 124, in _get_stream_from
    stream = self._record_to_stream(record, field_name)
  File "/home/soporte/odoo/odoo_19/odoo/addons/base/models/ir_binary.py", line 83, in _record_to_stream
    return field_attachment._to_http_stream()
           ~~~~~~~~~~~~~~~~~~~~~~~~~~~~~~~~^^
  File "/home/soporte/odoo/odoo_19/odoo/addons/base/models/ir_attachment.py", line 921, in _to_http_stream
    stat = os.stat(stream.path)
FileNotFoundError: [Errno 2] No existe el archivo o el directorio: '/home/soporte/.local/share/Odoo/filestore/goca-odoo/4b/4bdb40e89e7d677ea4221947190226e217c86fff'
2026-09-21 03:31:51,559 62186 ERROR goca-odoo odoo.http: Exception during request handling. 
Traceback (most recent call last):
  File "/home/soporte/odoo/odoo_19/odoo/http.py", line 2825, in __call__
    response = request._serve_db()
  File "/home/soporte/odoo/odoo_19/odoo/http.py", line 2300, in _serve_db
    raise self._update_served_exception(exc)
  File "/home/soporte/odoo/odoo_19/odoo/http.py", line 2298, in _serve_db
    return service_model.retrying(serve_func, env=self.env)
           ~~~~~~~~~~~~~~~~~~~~~~^^^^^^^^^^^^^^^^^^^^^^^^^^
  File "/home/soporte/odoo/odoo_19/odoo/service/model.py", line 188, in retrying
    result = func()
  File "/home/soporte/odoo/odoo_19/odoo/http.py", line 2353, in _serve_ir_http
    response = self.dispatcher.dispatch(rule.endpoint, args)
  File "/home/soporte/odoo/odoo_19/odoo/http.py", line 2475, in dispatch
    return self.request.registry['ir.http']._dispatch(endpoint)
           ~~~~~~~~~~~~~~~~~~~~~~~~~~~~~~~~~~~~~~~~~~^^^^^^^^^^
  File "/home/soporte/odoo/odoo_19/odoo/addons/base/models/ir_http.py", line 355, in _dispatch
    result = endpoint(**request.params)
  File "/home/soporte/odoo/odoo_19/odoo/http.py", line 808, in route_wrapper
    result = endpoint(self, *args, **params_ok)
  File "/home/soporte/odoo/odoo_19/addons/web/controllers/binary.py", line 190, in content_image
    stream = request.env['ir.binary']._get_image_stream_from(
        record, field, filename=filename, filename_field=filename_field,
        mimetype=mimetype, width=int(width), height=int(height), crop=crop,
    )
  File "/home/soporte/odoo/odoo_19/odoo/addons/base/models/ir_binary.py", line 200, in _get_image_stream_from
    stream = self._get_stream_from(
        record, field_name, filename, filename_field, mimetype,
        default_mimetype
    )
  File "/home/soporte/odoo/odoo_19/odoo/addons/base/models/ir_binary.py", line 124, in _get_stream_from
    stream = self._record_to_stream(record, field_name)
  File "/home/soporte/odoo/odoo_19/odoo/addons/base/models/ir_binary.py", line 83, in _record_to_stream
    return field_attachment._to_http_stream()
           ~~~~~~~~~~~~~~~~~~~~~~~~~~~~~~~~^^
  File "/home/soporte/odoo/odoo_19/odoo/addons/base/models/ir_attachment.py", line 921, in _to_http_stream
    stat = os.stat(stream.path)
FileNotFoundError: [Errno 2] No existe el archivo o el directorio: '/home/soporte/.local/share/Odoo/filestore/goca-odoo/d0/d09086a0794cf3070f12e742f27126254b4e2b5a'
2026-09-21 03:31:51,561 62186 INFO goca-odoo werkzeug: 127.0.0.1 - - [21/Sep/2026 03:31:51] "GET /web/image/website/1/logo/My%20Website?unique=c09ede8 HTTP/1.1" 500 - 7 0.014 0.020
2026-09-21 03:31:51,567 62186 INFO goca-odoo werkzeug: 127.0.0.1 - - [21/Sep/2026 03:31:51] "GET /web/image/website/1/favicon?unique=c09ede8 HTTP/1.1" 500 - 7 0.017 0.020
2026-09-21 03:31:53,240 62186 INFO goca-odoo werkzeug: 127.0.0.1 - - [21/Sep/2026 03:31:53] "GET /web/service-worker.js HTTP/1.1" 200 - 4 0.021 0.040
2026-09-21 03:31:53,260 62186 INFO goca-odoo werkzeug: 127.0.0.1 - - [21/Sep/2026 03:31:53] "GET /website/translations?hash=&lang=es_VE HTTP/1.1" 200 - 5 0.003 0.835
2026-09-21 03:32:00,031 62186 INFO goca-odoo odoo.addons.base.models.res_users: Login failed for login:jose.gs1574@gmail.com from 127.0.0.1 
2026-09-21 03:32:00,357 62186 INFO goca-odoo werkzeug: 127.0.0.1 - - [21/Sep/2026 03:32:00] "POST /web/login HTTP/1.1" 200 - 17 0.009 0.804
2026-09-21 03:32:00,504 62186 ERROR goca-odoo odoo.http: Exception during request handling. 
Traceback (most recent call last):
  File "/home/soporte/odoo/odoo_19/odoo/http.py", line 2825, in __call__
    response = request._serve_db()
  File "/home/soporte/odoo/odoo_19/odoo/http.py", line 2300, in _serve_db
    raise self._update_served_exception(exc)
  File "/home/soporte/odoo/odoo_19/odoo/http.py", line 2298, in _serve_db
    return service_model.retrying(serve_func, env=self.env)
           ~~~~~~~~~~~~~~~~~~~~~~^^^^^^^^^^^^^^^^^^^^^^^^^^
  File "/home/soporte/odoo/odoo_19/odoo/service/model.py", line 188, in retrying
    result = func()
  File "/home/soporte/odoo/odoo_19/odoo/http.py", line 2353, in _serve_ir_http
    response = self.dispatcher.dispatch(rule.endpoint, args)
  File "/home/soporte/odoo/odoo_19/odoo/http.py", line 2475, in dispatch
    return self.request.registry['ir.http']._dispatch(endpoint)
           ~~~~~~~~~~~~~~~~~~~~~~~~~~~~~~~~~~~~~~~~~~^^^^^^^^^^
  File "/home/soporte/odoo/odoo_19/odoo/addons/base/models/ir_http.py", line 355, in _dispatch
    result = endpoint(**request.params)
  File "/home/soporte/odoo/odoo_19/odoo/http.py", line 808, in route_wrapper
    result = endpoint(self, *args, **params_ok)
  File "/home/soporte/odoo/odoo_19/addons/web/controllers/binary.py", line 190, in content_image
    stream = request.env['ir.binary']._get_image_stream_from(
        record, field, filename=filename, filename_field=filename_field,
        mimetype=mimetype, width=int(width), height=int(height), crop=crop,
    )
  File "/home/soporte/odoo/odoo_19/odoo/addons/base/models/ir_binary.py", line 200, in _get_image_stream_from
    stream = self._get_stream_from(
        record, field_name, filename, filename_field, mimetype,
        default_mimetype
    )
  File "/home/soporte/odoo/odoo_19/odoo/addons/base/models/ir_binary.py", line 124, in _get_stream_from
    stream = self._record_to_stream(record, field_name)
  File "/home/soporte/odoo/odoo_19/odoo/addons/base/models/ir_binary.py", line 83, in _record_to_stream
    return field_attachment._to_http_stream()
           ~~~~~~~~~~~~~~~~~~~~~~~~~~~~~~~~^^
  File "/home/soporte/odoo/odoo_19/odoo/addons/base/models/ir_attachment.py", line 921, in _to_http_stream
    stat = os.stat(stream.path)
FileNotFoundError: [Errno 2] No existe el archivo o el directorio: '/home/soporte/.local/share/Odoo/filestore/goca-odoo/4b/4bdb40e89e7d677ea4221947190226e217c86fff'
2026-09-21 03:32:00,506 62186 INFO goca-odoo werkzeug: 127.0.0.1 - - [21/Sep/2026 03:32:00] "GET /web/image/website/1/logo/My%20Website?unique=c09ede8 HTTP/1.1" 500 - 7 0.003 0.012
2026-09-21 03:32:00,937 62186 INFO goca-odoo werkzeug: 127.0.0.1 - - [21/Sep/2026 03:32:00] "GET /website/translations?hash=a5b547b905569c374abd8b631a78715642142b6b&lang=es_VE HTTP/1.1" 200 - 4 0.006 0.010
2026-09-21 03:32:00,937 62186 ERROR goca-odoo odoo.http: Exception during request handling. 
Traceback (most recent call last):
  File "/home/soporte/odoo/odoo_19/odoo/http.py", line 2825, in __call__
    response = request._serve_db()
  File "/home/soporte/odoo/odoo_19/odoo/http.py", line 2300, in _serve_db
    raise self._update_served_exception(exc)
  File "/home/soporte/odoo/odoo_19/odoo/http.py", line 2298, in _serve_db
    return service_model.retrying(serve_func, env=self.env)
           ~~~~~~~~~~~~~~~~~~~~~~^^^^^^^^^^^^^^^^^^^^^^^^^^
  File "/home/soporte/odoo/odoo_19/odoo/service/model.py", line 188, in retrying
    result = func()
  File "/home/soporte/odoo/odoo_19/odoo/http.py", line 2353, in _serve_ir_http
    response = self.dispatcher.dispatch(rule.endpoint, args)
  File "/home/soporte/odoo/odoo_19/odoo/http.py", line 2475, in dispatch
    return self.request.registry['ir.http']._dispatch(endpoint)
           ~~~~~~~~~~~~~~~~~~~~~~~~~~~~~~~~~~~~~~~~~~^^^^^^^^^^
  File "/home/soporte/odoo/odoo_19/odoo/addons/base/models/ir_http.py", line 355, in _dispatch
    result = endpoint(**request.params)
  File "/home/soporte/odoo/odoo_19/odoo/http.py", line 808, in route_wrapper
    result = endpoint(self, *args, **params_ok)
  File "/home/soporte/odoo/odoo_19/addons/web/controllers/binary.py", line 190, in content_image
    stream = request.env['ir.binary']._get_image_stream_from(
        record, field, filename=filename, filename_field=filename_field,
        mimetype=mimetype, width=int(width), height=int(height), crop=crop,
    )
  File "/home/soporte/odoo/odoo_19/odoo/addons/base/models/ir_binary.py", line 200, in _get_image_stream_from
    stream = self._get_stream_from(
        record, field_name, filename, filename_field, mimetype,
        default_mimetype
    )
  File "/home/soporte/odoo/odoo_19/odoo/addons/base/models/ir_binary.py", line 124, in _get_stream_from
    stream = self._record_to_stream(record, field_name)
  File "/home/soporte/odoo/odoo_19/odoo/addons/base/models/ir_binary.py", line 83, in _record_to_stream
    return field_attachment._to_http_stream()
           ~~~~~~~~~~~~~~~~~~~~~~~~~~~~~~~~^^
  File "/home/soporte/odoo/odoo_19/odoo/addons/base/models/ir_attachment.py", line 921, in _to_http_stream
    stat = os.stat(stream.path)
FileNotFoundError: [Errno 2] No existe el archivo o el directorio: '/home/soporte/.local/share/Odoo/filestore/goca-odoo/d0/d09086a0794cf3070f12e742f27126254b4e2b5a'
2026-09-21 03:32:00,941 62186 INFO goca-odoo werkzeug: 127.0.0.1 - - [21/Sep/2026 03:32:00] "GET /web/image/website/1/favicon?unique=c09ede8 HTTP/1.1" 500 - 7 0.012 0.014
2026-09-21 03:32:04,498 62186 INFO goca-odoo odoo.addons.base.models.res_users: Login successful for login:jose.gs1574@gmail.com from 127.0.0.1 
2026-09-21 03:32:04,519 62186 INFO goca-odoo odoo.registry: Caches invalidated, signaling through the database: ['stable'] 
2026-09-21 03:32:04,524 62186 INFO goca-odoo werkzeug: 127.0.0.1 - - [21/Sep/2026 03:32:04] "POST /web/login HTTP/1.1" 303 - 35 0.015 0.489
2026-09-21 03:32:04,609 62186 INFO goca-odoo odoo.addons.base.models.res_device: User 2 inserts device log (6Lk3SNqImtOWJLLCi-aqRjecjvoKm2Bv-WVZkEbvSa) 
2026-09-21 03:32:05,022 62186 INFO goca-odoo werkzeug: 127.0.0.1 - - [21/Sep/2026 03:32:05] "GET /odoo HTTP/1.1" 200 - 90 0.031 0.386
2026-09-21 03:32:05,513 62186 INFO goca-odoo werkzeug: 127.0.0.1 - - [21/Sep/2026 03:32:05] "GET /web/manifest.webmanifest HTTP/1.1" 200 - 17 0.021 0.015
2026-09-21 03:32:05,536 62186 INFO goca-odoo odoo.addons.base.models.ir_attachment: _read_file reading /home/soporte/.local/share/Odoo/filestore/goca-odoo/0c/0c81cfadcc3a74ecea0f30b1720840655d971e87 
Traceback (most recent call last):
  File "/home/soporte/odoo/odoo_19/odoo/addons/base/models/ir_attachment.py", line 151, in _file_read
    with open(full_path, 'rb') as f:
         ~~~~^^^^^^^^^^^^^^^^^
FileNotFoundError: [Errno 2] No existe el archivo o el directorio: '/home/soporte/.local/share/Odoo/filestore/goca-odoo/0c/0c81cfadcc3a74ecea0f30b1720840655d971e87'
2026-09-21 03:32:05,538 62186 INFO goca-odoo odoo.addons.base.models.ir_attachment: _read_file reading /home/soporte/.local/share/Odoo/filestore/goca-odoo/aa/aa2cad94340900f9e642750f42295ca97ab0ec81 
Traceback (most recent call last):
  File "/home/soporte/odoo/odoo_19/odoo/addons/base/models/ir_attachment.py", line 151, in _file_read
    with open(full_path, 'rb') as f:
         ~~~~^^^^^^^^^^^^^^^^^
FileNotFoundError: [Errno 2] No existe el archivo o el directorio: '/home/soporte/.local/share/Odoo/filestore/goca-odoo/aa/aa2cad94340900f9e642750f42295ca97ab0ec81'
2026-09-21 03:32:05,539 62186 INFO goca-odoo odoo.addons.base.models.ir_attachment: _read_file reading /home/soporte/.local/share/Odoo/filestore/goca-odoo/f9/f9cf2c8b67d3ebc89ca4d180ef207a248c4e3130 
Traceback (most recent call last):
  File "/home/soporte/odoo/odoo_19/odoo/addons/base/models/ir_attachment.py", line 151, in _file_read
    with open(full_path, 'rb') as f:
         ~~~~^^^^^^^^^^^^^^^^^
FileNotFoundError: [Errno 2] No existe el archivo o el directorio: '/home/soporte/.local/share/Odoo/filestore/goca-odoo/f9/f9cf2c8b67d3ebc89ca4d180ef207a248c4e3130'
2026-09-21 03:32:05,539 62186 INFO goca-odoo odoo.addons.base.models.ir_attachment: _read_file reading /home/soporte/.local/share/Odoo/filestore/goca-odoo/a4/a4511b76524b49a86d44d27508dd20f056bfe827 
Traceback (most recent call last):
  File "/home/soporte/odoo/odoo_19/odoo/addons/base/models/ir_attachment.py", line 151, in _file_read
    with open(full_path, 'rb') as f:
         ~~~~^^^^^^^^^^^^^^^^^
FileNotFoundError: [Errno 2] No existe el archivo o el directorio: '/home/soporte/.local/share/Odoo/filestore/goca-odoo/a4/a4511b76524b49a86d44d27508dd20f056bfe827'
2026-09-21 03:32:05,540 62186 INFO goca-odoo odoo.addons.base.models.ir_attachment: _read_file reading /home/soporte/.local/share/Odoo/filestore/goca-odoo/51/517a97a04c19cdd67572ff8a0ef89fad5a2c278e 
Traceback (most recent call last):
  File "/home/soporte/odoo/odoo_19/odoo/addons/base/models/ir_attachment.py", line 151, in _file_read
    with open(full_path, 'rb') as f:
         ~~~~^^^^^^^^^^^^^^^^^
FileNotFoundError: [Errno 2] No existe el archivo o el directorio: '/home/soporte/.local/share/Odoo/filestore/goca-odoo/51/517a97a04c19cdd67572ff8a0ef89fad5a2c278e'
2026-09-21 03:32:05,540 62186 INFO goca-odoo odoo.addons.base.models.ir_attachment: _read_file reading /home/soporte/.local/share/Odoo/filestore/goca-odoo/37/3709cc2e0d5df4c199f96c6d07e2aaf29a63bcba 
Traceback (most recent call last):
  File "/home/soporte/odoo/odoo_19/odoo/addons/base/models/ir_attachment.py", line 151, in _file_read
    with open(full_path, 'rb') as f:
         ~~~~^^^^^^^^^^^^^^^^^
FileNotFoundError: [Errno 2] No existe el archivo o el directorio: '/home/soporte/.local/share/Odoo/filestore/goca-odoo/37/3709cc2e0d5df4c199f96c6d07e2aaf29a63bcba'
2026-09-21 03:32:05,541 62186 INFO goca-odoo odoo.addons.base.models.ir_attachment: _read_file reading /home/soporte/.local/share/Odoo/filestore/goca-odoo/a2/a2094f7db95831ba027e182bbc3f480be6fd0088 
Traceback (most recent call last):
  File "/home/soporte/odoo/odoo_19/odoo/addons/base/models/ir_attachment.py", line 151, in _file_read
    with open(full_path, 'rb') as f:
         ~~~~^^^^^^^^^^^^^^^^^
FileNotFoundError: [Errno 2] No existe el archivo o el directorio: '/home/soporte/.local/share/Odoo/filestore/goca-odoo/a2/a2094f7db95831ba027e182bbc3f480be6fd0088'
2026-09-21 03:32:05,541 62186 INFO goca-odoo odoo.addons.base.models.ir_attachment: _read_file reading /home/soporte/.local/share/Odoo/filestore/goca-odoo/1c/1c16002d10f6155661a6ae83417fee29e281fb7b 
Traceback (most recent call last):
  File "/home/soporte/odoo/odoo_19/odoo/addons/base/models/ir_attachment.py", line 151, in _file_read
    with open(full_path, 'rb') as f:
         ~~~~^^^^^^^^^^^^^^^^^
FileNotFoundError: [Errno 2] No existe el archivo o el directorio: '/home/soporte/.local/share/Odoo/filestore/goca-odoo/1c/1c16002d10f6155661a6ae83417fee29e281fb7b'
2026-09-21 03:32:05,542 62186 INFO goca-odoo odoo.addons.base.models.ir_attachment: _read_file reading /home/soporte/.local/share/Odoo/filestore/goca-odoo/f3/f31bdf173e5748b875ca5e389e1edba54b4bff25 
Traceback (most recent call last):
  File "/home/soporte/odoo/odoo_19/odoo/addons/base/models/ir_attachment.py", line 151, in _file_read
    with open(full_path, 'rb') as f:
         ~~~~^^^^^^^^^^^^^^^^^
FileNotFoundError: [Errno 2] No existe el archivo o el directorio: '/home/soporte/.local/share/Odoo/filestore/goca-odoo/f3/f31bdf173e5748b875ca5e389e1edba54b4bff25'
2026-09-21 03:32:05,542 62186 INFO goca-odoo odoo.addons.base.models.ir_attachment: _read_file reading /home/soporte/.local/share/Odoo/filestore/goca-odoo/c2/c21721ec3ec2e8d086eebf804e0ede5f25aa14d7 
Traceback (most recent call last):
  File "/home/soporte/odoo/odoo_19/odoo/addons/base/models/ir_attachment.py", line 151, in _file_read
    with open(full_path, 'rb') as f:
         ~~~~^^^^^^^^^^^^^^^^^
FileNotFoundError: [Errno 2] No existe el archivo o el directorio: '/home/soporte/.local/share/Odoo/filestore/goca-odoo/c2/c21721ec3ec2e8d086eebf804e0ede5f25aa14d7'
2026-09-21 03:32:05,543 62186 INFO goca-odoo odoo.addons.base.models.ir_attachment: _read_file reading /home/soporte/.local/share/Odoo/filestore/goca-odoo/c2/c2f49a19f3cf050243e62b22cde5072cca84fcaa 
Traceback (most recent call last):
  File "/home/soporte/odoo/odoo_19/odoo/addons/base/models/ir_attachment.py", line 151, in _file_read
    with open(full_path, 'rb') as f:
         ~~~~^^^^^^^^^^^^^^^^^
FileNotFoundError: [Errno 2] No existe el archivo o el directorio: '/home/soporte/.local/share/Odoo/filestore/goca-odoo/c2/c2f49a19f3cf050243e62b22cde5072cca84fcaa'
2026-09-21 03:32:05,544 62186 INFO goca-odoo odoo.addons.base.models.ir_attachment: _read_file reading /home/soporte/.local/share/Odoo/filestore/goca-odoo/5e/5e1a46f3ba53e2d6329ba3c74fa21b8acd8fd6c7 
Traceback (most recent call last):
  File "/home/soporte/odoo/odoo_19/odoo/addons/base/models/ir_attachment.py", line 151, in _file_read
    with open(full_path, 'rb') as f:
         ~~~~^^^^^^^^^^^^^^^^^
FileNotFoundError: [Errno 2] No existe el archivo o el directorio: '/home/soporte/.local/share/Odoo/filestore/goca-odoo/5e/5e1a46f3ba53e2d6329ba3c74fa21b8acd8fd6c7'
2026-09-21 03:32:05,544 62186 INFO goca-odoo odoo.addons.base.models.ir_attachment: _read_file reading /home/soporte/.local/share/Odoo/filestore/goca-odoo/74/744fc247b813c44f4cf02357706e88b283cb0f97 
Traceback (most recent call last):
  File "/home/soporte/odoo/odoo_19/odoo/addons/base/models/ir_attachment.py", line 151, in _file_read
    with open(full_path, 'rb') as f:
         ~~~~^^^^^^^^^^^^^^^^^
FileNotFoundError: [Errno 2] No existe el archivo o el directorio: '/home/soporte/.local/share/Odoo/filestore/goca-odoo/74/744fc247b813c44f4cf02357706e88b283cb0f97'
2026-09-21 03:32:05,545 62186 INFO goca-odoo odoo.addons.base.models.ir_attachment: _read_file reading /home/soporte/.local/share/Odoo/filestore/goca-odoo/3d/3d7a7360fe4a73a90dd3b4ba554a9254ed61e864 
Traceback (most recent call last):
  File "/home/soporte/odoo/odoo_19/odoo/addons/base/models/ir_attachment.py", line 151, in _file_read
    with open(full_path, 'rb') as f:
         ~~~~^^^^^^^^^^^^^^^^^
FileNotFoundError: [Errno 2] No existe el archivo o el directorio: '/home/soporte/.local/share/Odoo/filestore/goca-odoo/3d/3d7a7360fe4a73a90dd3b4ba554a9254ed61e864'
2026-09-21 03:32:05,545 62186 INFO goca-odoo odoo.addons.base.models.ir_attachment: _read_file reading /home/soporte/.local/share/Odoo/filestore/goca-odoo/b7/b73a9deb85def8a1a00e4d545c4f79747d78f487 
Traceback (most recent call last):
  File "/home/soporte/odoo/odoo_19/odoo/addons/base/models/ir_attachment.py", line 151, in _file_read
    with open(full_path, 'rb') as f:
         ~~~~^^^^^^^^^^^^^^^^^
FileNotFoundError: [Errno 2] No existe el archivo o el directorio: '/home/soporte/.local/share/Odoo/filestore/goca-odoo/b7/b73a9deb85def8a1a00e4d545c4f79747d78f487'
2026-09-21 03:32:05,553 62186 INFO goca-odoo werkzeug: 127.0.0.1 - - [21/Sep/2026 03:32:05] "GET /web/webclient/load_menus HTTP/1.1" 200 - 16 0.009 0.024
2026-09-21 03:32:07,685 62186 INFO goca-odoo odoo.addons.base.models.assetsbundle: Generating a new asset bundle attachment /web/assets/304fba7/web.assets_web.min.css (id:1334) 
2026-09-21 03:32:07,687 62186 INFO goca-odoo odoo.addons.base.models.assetsbundle: Deleting attachments [1239] (matching /web/assets/_______/web.assets_web.min.css) because it was replaced with /web/assets/304fba7/web.assets_web.min.css 
2026-09-21 03:32:07,714 62186 INFO goca-odoo werkzeug: 127.0.0.1 - - [21/Sep/2026 03:32:07] "GET /web/assets/304fba7/web.assets_web.min.css HTTP/1.1" 200 - 36 0.063 2.174
2026-09-21 03:32:11,720 62186 INFO goca-odoo odoo.addons.base.models.assetsbundle: Generating a new asset bundle attachment /web/assets/d9094a5/web.assets_web.min.js (id:1335) 
2026-09-21 03:32:11,722 62186 INFO goca-odoo odoo.addons.base.models.assetsbundle: Deleting attachments [1240] (matching /web/assets/_______/web.assets_web.min.js) because it was replaced with /web/assets/d9094a5/web.assets_web.min.js 
2026-09-21 03:32:11,744 62186 INFO goca-odoo werkzeug: 127.0.0.1 - - [21/Sep/2026 03:32:11] "GET /web/assets/d9094a5/web.assets_web.min.js HTTP/1.1" 200 - 32 0.015 6.268
2026-09-21 03:32:13,714 62186 INFO goca-odoo odoo.addons.base.models.assetsbundle: Generating a new asset bundle attachment /web/assets/7ac367e/web.assets_web_print.min.css (id:1336) 
2026-09-21 03:32:13,726 62186 INFO goca-odoo odoo.addons.base.models.assetsbundle: Deleting attachments [1241] (matching /web/assets/_______/web.assets_web_print.min.css) because it was replaced with /web/assets/7ac367e/web.assets_web_print.min.css 
2026-09-21 03:32:13,796 62186 INFO goca-odoo werkzeug: 127.0.0.1 - - [21/Sep/2026 03:32:13] "GET /web/assets/7ac367e/web.assets_web_print.min.css HTTP/1.1" 200 - 29 0.119 5.329
2026-09-21 03:32:14,699 62186 INFO goca-odoo werkzeug: 127.0.0.1 - - [21/Sep/2026 03:32:14] "GET /web/service-worker.js HTTP/1.1" 200 - 1 0.001 0.005
2026-09-21 03:32:15,104 62186 INFO ? werkzeug: 127.0.0.1 - - [21/Sep/2026 03:32:15] "GET /mail/static/lib/idb-keyval/idb-keyval.js HTTP/1.1" 200 - 0 0.000 0.001
2026-09-21 03:32:15,484 62186 INFO goca-odoo werkzeug: 127.0.0.1 - - [21/Sep/2026 03:32:15] "GET /web/webclient/translations?hash=&lang=es_VE HTTP/1.1" 200 - 2 0.008 2.024
2026-09-21 03:32:15,547 62186 INFO goca-odoo werkzeug: 127.0.0.1 - - [21/Sep/2026 03:32:15] "GET /odoo/offline HTTP/1.1" 200 - 6 0.003 0.014
2026-09-21 03:32:15,586 62186 INFO goca-odoo werkzeug: 127.0.0.1 - - [21/Sep/2026 03:32:15] "GET /odoo HTTP/1.1" 200 - 22 0.012 0.031
2026-09-21 03:32:16,132 62186 INFO goca-odoo odoo.addons.base.models.assetsbundle: Generating a new asset bundle attachment /web/assets/f1ce68b/bus.websocket_worker_assets.min.js (id:1337) 
2026-09-21 03:32:16,134 62186 INFO goca-odoo odoo.addons.base.models.assetsbundle: Deleting attachments [1242] (matching /web/assets/_______/bus.websocket_worker_assets.min.js) because it was replaced with /web/assets/f1ce68b/bus.websocket_worker_assets.min.js 
2026-09-21 03:32:16,141 62186 INFO goca-odoo werkzeug: 127.0.0.1 - - [21/Sep/2026 03:32:16] "GET /bus/websocket_worker_bundle?v=19.0-2 HTTP/1.1" 304 - 10 0.005 0.031
2026-09-21 03:32:16,233 62186 INFO goca-odoo odoo.addons.base.models.ir_attachment: _read_file reading /home/soporte/.local/share/Odoo/filestore/goca-odoo/0a/0adf2cc06d00a5661be2f8d8a6ff641818f86b83 
Traceback (most recent call last):
  File "/home/soporte/odoo/odoo_19/odoo/addons/base/models/ir_attachment.py", line 151, in _file_read
    with open(full_path, 'rb') as f:
         ~~~~^^^^^^^^^^^^^^^^^
FileNotFoundError: [Errno 2] No existe el archivo o el directorio: '/home/soporte/.local/share/Odoo/filestore/goca-odoo/0a/0adf2cc06d00a5661be2f8d8a6ff641818f86b83'
2026-09-21 03:32:16,236 62186 INFO goca-odoo werkzeug: 127.0.0.1 - - [21/Sep/2026 03:32:16] "GET /web/image/res.partner/3/avatar_128?unique=1781999095000 HTTP/1.1" 200 - 14 0.011 0.023
2026-09-21 03:32:16,261 62186 INFO goca-odoo odoo.addons.base.models.ir_attachment: _read_file reading /home/soporte/.local/share/Odoo/filestore/goca-odoo/0a/0adf2cc06d00a5661be2f8d8a6ff641818f86b83 
Traceback (most recent call last):
  File "/home/soporte/odoo/odoo_19/odoo/addons/base/models/ir_attachment.py", line 151, in _file_read
    with open(full_path, 'rb') as f:
         ~~~~^^^^^^^^^^^^^^^^^
FileNotFoundError: [Errno 2] No existe el archivo o el directorio: '/home/soporte/.local/share/Odoo/filestore/goca-odoo/0a/0adf2cc06d00a5661be2f8d8a6ff641818f86b83'
2026-09-21 03:32:16,269 62186 INFO goca-odoo werkzeug: 127.0.0.1 - - [21/Sep/2026 03:32:16] "GET /web/image?model=res.users&field=avatar_128&id=2 HTTP/1.1" 200 - 8 0.004 0.022
2026-09-21 03:32:16,279 62186 INFO goca-odoo werkzeug: 127.0.0.1 - - [21/Sep/2026 03:32:16] "POST /web/action/load HTTP/1.1" 200 - 6 0.006 0.011
2026-09-21 03:32:16,315 62186 INFO goca-odoo werkzeug: 127.0.0.1 - - [21/Sep/2026 03:32:16] "POST /mail/data HTTP/1.1" 200 - 28 0.015 0.024
2026-09-21 03:32:16,621 62186 INFO goca-odoo werkzeug: 127.0.0.1 - - [21/Sep/2026 03:32:16] "GET /websocket?version=19.0-2 HTTP/1.1" 101 - 1 0.001 0.003
2026-09-21 03:32:16,849 62186 INFO goca-odoo werkzeug: 127.0.0.1 - - [21/Sep/2026 03:32:16] "POST /mail/data HTTP/1.1" 200 - 41 0.019 0.056
2026-09-21 03:32:17,314 62186 INFO goca-odoo werkzeug: 127.0.0.1 - - [21/Sep/2026 03:32:17] "GET /web/image/discuss.channel/2/avatar_128?unique=12799af0de6af1581fbb92fbcac85444fff503db00c514785d9fd8d843d5e047ec5efff35bb2d8d6676e93c04fbefab20b0549ba5d781b7ee422c3902c464d6c HTTP/1.1" 200 - 4 0.002 0.011
2026-09-21 03:32:17,389 62186 INFO goca-odoo odoo.addons.base.models.ir_attachment: _read_file reading /home/soporte/.local/share/Odoo/filestore/goca-odoo/3e/3e546f4cb9c18674aa30053baffb4c2476ab8ba2 
Traceback (most recent call last):
  File "/home/soporte/odoo/odoo_19/odoo/addons/base/models/ir_attachment.py", line 151, in _file_read
    with open(full_path, 'rb') as f:
         ~~~~^^^^^^^^^^^^^^^^^
FileNotFoundError: [Errno 2] No existe el archivo o el directorio: '/home/soporte/.local/share/Odoo/filestore/goca-odoo/3e/3e546f4cb9c18674aa30053baffb4c2476ab8ba2'
2026-09-21 03:32:17,402 62186 INFO goca-odoo werkzeug: 127.0.0.1 - - [21/Sep/2026 03:32:17] "GET /web/image/res.partner/109/avatar_128?unique=1778680957000 HTTP/1.1" 200 - 7 0.024 0.029
2026-09-21 03:32:17,403 62186 INFO goca-odoo odoo.addons.base.models.ir_attachment: _read_file reading /home/soporte/.local/share/Odoo/filestore/goca-odoo/36/36ba5ef36880a809f9bdddfe35f12fcf34406a6e 
Traceback (most recent call last):
  File "/home/soporte/odoo/odoo_19/odoo/addons/base/models/ir_attachment.py", line 151, in _file_read
    with open(full_path, 'rb') as f:
         ~~~~^^^^^^^^^^^^^^^^^
FileNotFoundError: [Errno 2] No existe el archivo o el directorio: '/home/soporte/.local/share/Odoo/filestore/goca-odoo/36/36ba5ef36880a809f9bdddfe35f12fcf34406a6e'
2026-09-21 03:32:17,406 62186 INFO goca-odoo werkzeug: 127.0.0.1 - - [21/Sep/2026 03:32:17] "GET /web/image/discuss.channel/1/avatar_128?unique=8c5a430c497195d690b31153b5a653e9952faa8eea453aab3aa9edd8f377b475540baec0e47200d45f59cc996763fcf6771dabb77db8b00a9bae788af8c96d3f HTTP/1.1" 200 - 4 0.030 0.025
2026-09-21 03:32:17,407 62186 INFO goca-odoo werkzeug: 127.0.0.1 - - [21/Sep/2026 03:32:17] "GET /web/image/res.partner/2/avatar_128?unique=1781984695000 HTTP/1.1" 200 - 6 0.039 0.020
2026-09-21 03:32:17,409 62186 INFO goca-odoo odoo.addons.base.models.ir_attachment: _read_file reading /home/soporte/.local/share/Odoo/filestore/goca-odoo/0a/0adf2cc06d00a5661be2f8d8a6ff641818f86b83 
Traceback (most recent call last):
  File "/home/soporte/odoo/odoo_19/odoo/addons/base/models/ir_attachment.py", line 151, in _file_read
    with open(full_path, 'rb') as f:
         ~~~~^^^^^^^^^^^^^^^^^
FileNotFoundError: [Errno 2] No existe el archivo o el directorio: '/home/soporte/.local/share/Odoo/filestore/goca-odoo/0a/0adf2cc06d00a5661be2f8d8a6ff641818f86b83'
2026-09-21 03:32:17,413 62186 INFO goca-odoo werkzeug: 127.0.0.1 - - [21/Sep/2026 03:32:17] "GET /web/image/res.partner/6/avatar_128?unique=1781984610000 HTTP/1.1" 200 - 7 0.045 0.019
2026-09-21 03:32:29,266 62186 INFO goca-odoo werkzeug: 127.0.0.1 - - [21/Sep/2026 03:32:29] "POST /web/action/load HTTP/1.1" 200 - 9 0.005 0.010
2026-09-21 03:32:30,662 62186 INFO goca-odoo werkzeug: 127.0.0.1 - - [21/Sep/2026 03:32:30] "POST /web/dataset/call_kw/res.config.settings/get_views#res.config.settings.get_views HTTP/1.1" 200 - 410 0.094 0.898
2026-09-21 03:32:31,292 62186 INFO goca-odoo odoo.addons.base.models.ir_attachment: _read_file reading /home/soporte/.local/share/Odoo/filestore/goca-odoo/d0/d09086a0794cf3070f12e742f27126254b4e2b5a 
Traceback (most recent call last):
  File "/home/soporte/odoo/odoo_19/odoo/addons/base/models/ir_attachment.py", line 151, in _file_read
    with open(full_path, 'rb') as f:
         ~~~~^^^^^^^^^^^^^^^^^
FileNotFoundError: [Errno 2] No existe el archivo o el directorio: '/home/soporte/.local/share/Odoo/filestore/goca-odoo/d0/d09086a0794cf3070f12e742f27126254b4e2b5a'
2026-09-21 03:32:31,328 62186 INFO goca-odoo werkzeug: 127.0.0.1 - - [21/Sep/2026 03:32:31] "POST /web/dataset/call_kw/res.config.settings/onchange#res.config.settings.onchange HTTP/1.1" 200 - 192 0.036 0.077
2026-09-21 03:32:31,699 62186 INFO goca-odoo werkzeug: 127.0.0.1 - - [21/Sep/2026 03:32:31] "POST /web/action/load HTTP/1.1" 200 - 10 0.004 0.011
2026-09-21 03:32:31,829 62186 INFO goca-odoo werkzeug: 127.0.0.1 - - [21/Sep/2026 03:32:31] "POST /base_setup/demo_active HTTP/1.1" 200 - 2 0.001 0.006
2026-09-21 03:32:31,839 62186 INFO goca-odoo werkzeug: 127.0.0.1 - - [21/Sep/2026 03:32:31] "POST /base_setup/data HTTP/1.1" 200 - 6 0.002 0.002
2026-09-21 03:32:32,189 62186 INFO goca-odoo werkzeug: 127.0.0.1 - - [21/Sep/2026 03:32:32] "POST /web/dataset/call_kw/ir.module.module/get_views#ir.module.module.get_views HTTP/1.1" 200 - 41 0.015 0.041
2026-09-21 03:32:32,574 62186 INFO goca-odoo werkzeug: 127.0.0.1 - - [21/Sep/2026 03:32:32] "POST /web/dataset/call_kw/ir.module.module/search_panel_select_range#ir.module.module.search_panel_select_range HTTP/1.1" 200 - 1 0.001 0.003
2026-09-21 03:32:32,616 62186 INFO goca-odoo werkzeug: 127.0.0.1 - - [21/Sep/2026 03:32:32] "POST /web/dataset/call_kw/ir.module.module/search_panel_select_range#ir.module.module.search_panel_select_range HTTP/1.1" 200 - 42 0.012 0.015
2026-09-21 03:32:32,629 62186 INFO goca-odoo werkzeug: 127.0.0.1 - - [21/Sep/2026 03:32:32] "POST /web/dataset/call_kw/ir.module.module/web_search_read#ir.module.module.web_search_read HTTP/1.1" 200 - 3 0.005 0.017
2026-09-21 03:32:32,642 62186 INFO goca-odoo werkzeug: 127.0.0.1 - - [21/Sep/2026 03:32:32] "POST /web/dataset/call_kw/ir.module.module/check_module_update#ir.module.module.check_module_update HTTP/1.1" 200 - 2 0.001 0.003
2026-09-21 03:32:33,053 62186 INFO goca-odoo werkzeug: 127.0.0.1 - - [21/Sep/2026 03:32:33] "POST /web/dataset/call_kw/ir.module.module/check_module_update#ir.module.module.check_module_update HTTP/1.1" 200 - 2 0.001 0.003
2026-09-21 03:32:35,360 62186 INFO goca-odoo werkzeug: 127.0.0.1 - - [21/Sep/2026 03:32:35] "POST /web/dataset/call_kw/ir.module.module/search_panel_select_range#ir.module.module.search_panel_select_range HTTP/1.1" 200 - 39 0.010 0.017
2026-09-21 03:32:35,807 62186 INFO goca-odoo werkzeug: 127.0.0.1 - - [21/Sep/2026 03:32:35] "POST /web/dataset/call_kw/ir.module.module/web_search_read#ir.module.module.web_search_read HTTP/1.1" 200 - 3 0.002 0.006
2026-09-21 03:32:36,194 62186 INFO goca-odoo werkzeug: 127.0.0.1 - - [21/Sep/2026 03:32:36] "POST /web/dataset/call_kw/ir.module.module/check_module_update#ir.module.module.check_module_update HTTP/1.1" 200 - 2 0.001 0.003
2026-09-21 03:32:36,811 62186 WARNING ? odoo.service.server: Thread <Thread(odoo.service.http.request.129733679380160, started 129733679380160)> virtual real time limit (149/120s) reached. 
2026-09-21 03:32:36,812 62186 INFO ? odoo.service.server: Dumping stacktrace of limit exceeding threads before reloading 
2026-09-21 03:32:36,814 62186 INFO ? odoo.tools.misc: 
# Thread: <Thread(odoo.service.http.request.129733679380160, started 129733679380160)> (db:n/a) (uid:n/a) (url:n/a) (qc:n/a qt:n/a pt:n/a)
File: "/usr/lib/python3.14/threading.py", line 1044, in _bootstrap
  self._bootstrap_inner()
File: "/usr/lib/python3.14/threading.py", line 1082, in _bootstrap_inner
  self._context.run(self.run)
File: "/usr/lib/python3.14/threading.py", line 1024, in run
  self._target(*self._args, **self._kwargs)
File: "/usr/lib/python3.14/socketserver.py", line 697, in process_request_thread
  self.finish_request(request, client_address)
File: "/usr/lib/python3.14/socketserver.py", line 362, in finish_request
  self.RequestHandlerClass(request, client_address, self)
File: "/home/soporte/odoo/odoo_19/odoo/service/server.py", line 143, in __init__
  super().__init__(*args, **kwargs)
File: "/usr/lib/python3.14/socketserver.py", line 766, in __init__
  self.handle()
File: "/home/soporte/odoo/odoo_19/.venv/lib/python3.14/site-packages/werkzeug/serving.py", line 390, in handle
  super().handle()
File: "/usr/lib/python3.14/http/server.py", line 496, in handle
  self.handle_one_request()
File: "/usr/lib/python3.14/http/server.py", line 464, in handle_one_request
  self.raw_requestline = self.rfile.readline(65537)
File: "/usr/lib/python3.14/socket.py", line 725, in readinto
  return self._sock.recv_into(b) 
2026-09-21 03:32:36,814 62186 INFO ? odoo.service.server: Initiating server reload 
2026-09-21 03:32:37,224 62186 INFO ? odoo.sql_db: ConnectionPool(read/write;used=0/count=0/max=64): Closed 11 connections  
2026-09-21 03:32:42,916 62747 WARNING ? odoo.tools.config: option db_host reads 'False' in the config file at /home/soporte/odoo/odoo_19/odoo-server.conf but isn't a boolean option, skip 
2026-09-21 03:32:42,916 62747 WARNING ? odoo.tools.config: option db_port reads 'False' in the config file at /home/soporte/odoo/odoo_19/odoo-server.conf but isn't a boolean option, skip 
2026-09-21 03:32:42,916 62747 WARNING ? odoo.tools.config: option db_password reads 'False' in the config file at /home/soporte/odoo/odoo_19/odoo-server.conf but isn't a boolean option, skip 
2026-09-21 03:32:42,916 62747 WARNING ? odoo.tools.config: missing --http-interface/http_interface, using 0.0.0.0 by default, will change to 127.0.0.1 in 20.0 
2026-09-21 03:32:42,916 62747 INFO ? odoo: Odoo version 19.0 
2026-09-21 03:32:42,917 62747 INFO ? odoo: Using configuration file at /home/soporte/odoo/odoo_19/odoo-server.conf 
2026-09-21 03:32:42,917 62747 INFO ? odoo: addons paths: _NamespacePath(['/home/soporte/odoo/odoo_19/odoo/addons', '/home/soporte/.local/share/Odoo/addons/19.0', '/home/soporte/odoo/odoo_19/addons']) 
2026-09-21 03:32:42,917 62747 INFO ? odoo: database: soporte@default:default 
2026-09-21 03:32:43,388 62747 INFO ? odoo.service.server: HTTP service (werkzeug) running on soporte:8069 
2026-09-21 03:32:47,217 62747 INFO ? odoo.modules.loading: loading 1 modules... 
2026-09-21 03:32:47,222 62747 INFO ? odoo.modules.loading: 1 modules loaded in 0.00s, 0 queries (+0 extra) 
2026-09-21 03:32:47,235 62747 WARNING ? odoo.modules.module_graph: module web_responsive: not installable, skipped 
2026-09-21 03:32:47,274 62747 INFO ? odoo.modules.loading: loading 112 modules... 
2026-09-21 03:32:48,048 62747 INFO ? odoo.modules.loading: 112 modules loaded in 0.77s, 0 queries (+0 extra) 
2026-09-21 03:32:48,372 62747 ERROR ? odoo.modules.loading: Some modules are not loaded, some dependencies or manifest may be missing: ['web_responsive'] 
2026-09-21 03:32:48,372 62747 INFO ? odoo.modules.loading: Modules loaded. 
2026-09-21 03:32:48,441 62747 INFO ? odoo.registry: Registry loaded in 1.239s 
2026-09-21 03:32:48,446 62747 INFO goca-odoo odoo.addons.base.models.ir_http: Generating routing map for key 1 
2026-09-21 03:32:48,930 62747 INFO goca-odoo werkzeug: 127.0.0.1 - - [21/Sep/2026 03:32:48] "GET /odoo/apps HTTP/1.1" 200 - 122 0.065 1.663
2026-09-21 03:32:49,420 62747 INFO goca-odoo odoo.addons.base.models.ir_attachment: _read_file reading /home/soporte/.local/share/Odoo/filestore/goca-odoo/0c/0c81cfadcc3a74ecea0f30b1720840655d971e87 
Traceback (most recent call last):
  File "/home/soporte/odoo/odoo_19/odoo/addons/base/models/ir_attachment.py", line 151, in _file_read
    with open(full_path, 'rb') as f:
         ~~~~^^^^^^^^^^^^^^^^^
FileNotFoundError: [Errno 2] No existe el archivo o el directorio: '/home/soporte/.local/share/Odoo/filestore/goca-odoo/0c/0c81cfadcc3a74ecea0f30b1720840655d971e87'
2026-09-21 03:32:49,422 62747 INFO goca-odoo odoo.addons.base.models.ir_attachment: _read_file reading /home/soporte/.local/share/Odoo/filestore/goca-odoo/aa/aa2cad94340900f9e642750f42295ca97ab0ec81 
Traceback (most recent call last):
  File "/home/soporte/odoo/odoo_19/odoo/addons/base/models/ir_attachment.py", line 151, in _file_read
    with open(full_path, 'rb') as f:
         ~~~~^^^^^^^^^^^^^^^^^
FileNotFoundError: [Errno 2] No existe el archivo o el directorio: '/home/soporte/.local/share/Odoo/filestore/goca-odoo/aa/aa2cad94340900f9e642750f42295ca97ab0ec81'
2026-09-21 03:32:49,422 62747 INFO goca-odoo odoo.addons.base.models.ir_attachment: _read_file reading /home/soporte/.local/share/Odoo/filestore/goca-odoo/f9/f9cf2c8b67d3ebc89ca4d180ef207a248c4e3130 
Traceback (most recent call last):
  File "/home/soporte/odoo/odoo_19/odoo/addons/base/models/ir_attachment.py", line 151, in _file_read
    with open(full_path, 'rb') as f:
         ~~~~^^^^^^^^^^^^^^^^^
FileNotFoundError: [Errno 2] No existe el archivo o el directorio: '/home/soporte/.local/share/Odoo/filestore/goca-odoo/f9/f9cf2c8b67d3ebc89ca4d180ef207a248c4e3130'
2026-09-21 03:32:49,423 62747 INFO goca-odoo odoo.addons.base.models.ir_attachment: _read_file reading /home/soporte/.local/share/Odoo/filestore/goca-odoo/a4/a4511b76524b49a86d44d27508dd20f056bfe827 
Traceback (most recent call last):
  File "/home/soporte/odoo/odoo_19/odoo/addons/base/models/ir_attachment.py", line 151, in _file_read
    with open(full_path, 'rb') as f:
         ~~~~^^^^^^^^^^^^^^^^^
FileNotFoundError: [Errno 2] No existe el archivo o el directorio: '/home/soporte/.local/share/Odoo/filestore/goca-odoo/a4/a4511b76524b49a86d44d27508dd20f056bfe827'
2026-09-21 03:32:49,423 62747 INFO goca-odoo odoo.addons.base.models.ir_attachment: _read_file reading /home/soporte/.local/share/Odoo/filestore/goca-odoo/51/517a97a04c19cdd67572ff8a0ef89fad5a2c278e 
Traceback (most recent call last):
  File "/home/soporte/odoo/odoo_19/odoo/addons/base/models/ir_attachment.py", line 151, in _file_read
    with open(full_path, 'rb') as f:
         ~~~~^^^^^^^^^^^^^^^^^
FileNotFoundError: [Errno 2] No existe el archivo o el directorio: '/home/soporte/.local/share/Odoo/filestore/goca-odoo/51/517a97a04c19cdd67572ff8a0ef89fad5a2c278e'
2026-09-21 03:32:49,423 62747 INFO goca-odoo odoo.addons.base.models.ir_attachment: _read_file reading /home/soporte/.local/share/Odoo/filestore/goca-odoo/37/3709cc2e0d5df4c199f96c6d07e2aaf29a63bcba 
Traceback (most recent call last):
  File "/home/soporte/odoo/odoo_19/odoo/addons/base/models/ir_attachment.py", line 151, in _file_read
    with open(full_path, 'rb') as f:
         ~~~~^^^^^^^^^^^^^^^^^
FileNotFoundError: [Errno 2] No existe el archivo o el directorio: '/home/soporte/.local/share/Odoo/filestore/goca-odoo/37/3709cc2e0d5df4c199f96c6d07e2aaf29a63bcba'
2026-09-21 03:32:49,424 62747 INFO goca-odoo odoo.addons.base.models.ir_attachment: _read_file reading /home/soporte/.local/share/Odoo/filestore/goca-odoo/a2/a2094f7db95831ba027e182bbc3f480be6fd0088 
Traceback (most recent call last):
  File "/home/soporte/odoo/odoo_19/odoo/addons/base/models/ir_attachment.py", line 151, in _file_read
    with open(full_path, 'rb') as f:
         ~~~~^^^^^^^^^^^^^^^^^
FileNotFoundError: [Errno 2] No existe el archivo o el directorio: '/home/soporte/.local/share/Odoo/filestore/goca-odoo/a2/a2094f7db95831ba027e182bbc3f480be6fd0088'
2026-09-21 03:32:49,424 62747 INFO goca-odoo odoo.addons.base.models.ir_attachment: _read_file reading /home/soporte/.local/share/Odoo/filestore/goca-odoo/1c/1c16002d10f6155661a6ae83417fee29e281fb7b 
Traceback (most recent call last):
  File "/home/soporte/odoo/odoo_19/odoo/addons/base/models/ir_attachment.py", line 151, in _file_read
    with open(full_path, 'rb') as f:
         ~~~~^^^^^^^^^^^^^^^^^
FileNotFoundError: [Errno 2] No existe el archivo o el directorio: '/home/soporte/.local/share/Odoo/filestore/goca-odoo/1c/1c16002d10f6155661a6ae83417fee29e281fb7b'
2026-09-21 03:32:49,425 62747 INFO goca-odoo odoo.addons.base.models.ir_attachment: _read_file reading /home/soporte/.local/share/Odoo/filestore/goca-odoo/f3/f31bdf173e5748b875ca5e389e1edba54b4bff25 
Traceback (most recent call last):
  File "/home/soporte/odoo/odoo_19/odoo/addons/base/models/ir_attachment.py", line 151, in _file_read
    with open(full_path, 'rb') as f:
         ~~~~^^^^^^^^^^^^^^^^^
FileNotFoundError: [Errno 2] No existe el archivo o el directorio: '/home/soporte/.local/share/Odoo/filestore/goca-odoo/f3/f31bdf173e5748b875ca5e389e1edba54b4bff25'
2026-09-21 03:32:49,425 62747 INFO goca-odoo odoo.addons.base.models.ir_attachment: _read_file reading /home/soporte/.local/share/Odoo/filestore/goca-odoo/c2/c21721ec3ec2e8d086eebf804e0ede5f25aa14d7 
Traceback (most recent call last):
  File "/home/soporte/odoo/odoo_19/odoo/addons/base/models/ir_attachment.py", line 151, in _file_read
    with open(full_path, 'rb') as f:
         ~~~~^^^^^^^^^^^^^^^^^
FileNotFoundError: [Errno 2] No existe el archivo o el directorio: '/home/soporte/.local/share/Odoo/filestore/goca-odoo/c2/c21721ec3ec2e8d086eebf804e0ede5f25aa14d7'
2026-09-21 03:32:49,426 62747 INFO goca-odoo odoo.addons.base.models.ir_attachment: _read_file reading /home/soporte/.local/share/Odoo/filestore/goca-odoo/c2/c2f49a19f3cf050243e62b22cde5072cca84fcaa 
Traceback (most recent call last):
  File "/home/soporte/odoo/odoo_19/odoo/addons/base/models/ir_attachment.py", line 151, in _file_read
    with open(full_path, 'rb') as f:
         ~~~~^^^^^^^^^^^^^^^^^
FileNotFoundError: [Errno 2] No existe el archivo o el directorio: '/home/soporte/.local/share/Odoo/filestore/goca-odoo/c2/c2f49a19f3cf050243e62b22cde5072cca84fcaa'
2026-09-21 03:32:49,426 62747 INFO goca-odoo odoo.addons.base.models.ir_attachment: _read_file reading /home/soporte/.local/share/Odoo/filestore/goca-odoo/5e/5e1a46f3ba53e2d6329ba3c74fa21b8acd8fd6c7 
Traceback (most recent call last):
  File "/home/soporte/odoo/odoo_19/odoo/addons/base/models/ir_attachment.py", line 151, in _file_read
    with open(full_path, 'rb') as f:
         ~~~~^^^^^^^^^^^^^^^^^
FileNotFoundError: [Errno 2] No existe el archivo o el directorio: '/home/soporte/.local/share/Odoo/filestore/goca-odoo/5e/5e1a46f3ba53e2d6329ba3c74fa21b8acd8fd6c7'
2026-09-21 03:32:49,426 62747 INFO goca-odoo odoo.addons.base.models.ir_attachment: _read_file reading /home/soporte/.local/share/Odoo/filestore/goca-odoo/74/744fc247b813c44f4cf02357706e88b283cb0f97 
Traceback (most recent call last):
  File "/home/soporte/odoo/odoo_19/odoo/addons/base/models/ir_attachment.py", line 151, in _file_read
    with open(full_path, 'rb') as f:
         ~~~~^^^^^^^^^^^^^^^^^
FileNotFoundError: [Errno 2] No existe el archivo o el directorio: '/home/soporte/.local/share/Odoo/filestore/goca-odoo/74/744fc247b813c44f4cf02357706e88b283cb0f97'
2026-09-21 03:32:49,427 62747 INFO goca-odoo odoo.addons.base.models.ir_attachment: _read_file reading /home/soporte/.local/share/Odoo/filestore/goca-odoo/3d/3d7a7360fe4a73a90dd3b4ba554a9254ed61e864 
Traceback (most recent call last):
  File "/home/soporte/odoo/odoo_19/odoo/addons/base/models/ir_attachment.py", line 151, in _file_read
    with open(full_path, 'rb') as f:
         ~~~~^^^^^^^^^^^^^^^^^
FileNotFoundError: [Errno 2] No existe el archivo o el directorio: '/home/soporte/.local/share/Odoo/filestore/goca-odoo/3d/3d7a7360fe4a73a90dd3b4ba554a9254ed61e864'
2026-09-21 03:32:49,427 62747 INFO goca-odoo odoo.addons.base.models.ir_attachment: _read_file reading /home/soporte/.local/share/Odoo/filestore/goca-odoo/b7/b73a9deb85def8a1a00e4d545c4f79747d78f487 
Traceback (most recent call last):
  File "/home/soporte/odoo/odoo_19/odoo/addons/base/models/ir_attachment.py", line 151, in _file_read
    with open(full_path, 'rb') as f:
         ~~~~^^^^^^^^^^^^^^^^^
FileNotFoundError: [Errno 2] No existe el archivo o el directorio: '/home/soporte/.local/share/Odoo/filestore/goca-odoo/b7/b73a9deb85def8a1a00e4d545c4f79747d78f487'
2026-09-21 03:32:49,434 62747 INFO goca-odoo werkzeug: 127.0.0.1 - - [21/Sep/2026 03:32:49] "GET /web/webclient/load_menus HTTP/1.1" 200 - 25 0.012 0.028
2026-09-21 03:32:49,560 62747 INFO goca-odoo werkzeug: 127.0.0.1 - - [21/Sep/2026 03:32:49] "GET /web/manifest.webmanifest HTTP/1.1" 200 - 8 0.005 0.007
2026-09-21 03:32:49,654 62747 INFO goca-odoo werkzeug: 127.0.0.1 - - [21/Sep/2026 03:32:49] "GET /bus/websocket_worker_bundle?v=19.0-2 HTTP/1.1" 304 - 4 0.012 0.013
2026-09-21 03:32:49,801 62747 INFO goca-odoo odoo.addons.base.models.ir_attachment: _read_file reading /home/soporte/.local/share/Odoo/filestore/goca-odoo/0a/0adf2cc06d00a5661be2f8d8a6ff641818f86b83 
Traceback (most recent call last):
  File "/home/soporte/odoo/odoo_19/odoo/addons/base/models/ir_attachment.py", line 151, in _file_read
    with open(full_path, 'rb') as f:
         ~~~~^^^^^^^^^^^^^^^^^
FileNotFoundError: [Errno 2] No existe el archivo o el directorio: '/home/soporte/.local/share/Odoo/filestore/goca-odoo/0a/0adf2cc06d00a5661be2f8d8a6ff641818f86b83'
2026-09-21 03:32:49,843 62747 INFO goca-odoo werkzeug: 127.0.0.1 - - [21/Sep/2026 03:32:49] "GET /web/image?model=res.users&field=avatar_128&id=2 HTTP/1.1" 304 - 15 0.062 0.079
2026-09-21 03:32:50,084 62747 INFO goca-odoo werkzeug: 127.0.0.1 - - [21/Sep/2026 03:32:50] "POST /web/dataset/call_kw/ir.module.module/search_panel_select_range#ir.module.module.search_panel_select_range HTTP/1.1" 200 - 5 0.020 0.029
2026-09-21 03:32:50,087 62747 INFO goca-odoo werkzeug: 127.0.0.1 - - [21/Sep/2026 03:32:50] "POST /mail/data HTTP/1.1" 200 - 28 0.170 0.030
2026-09-21 03:32:50,144 62747 INFO goca-odoo werkzeug: 127.0.0.1 - - [21/Sep/2026 03:32:50] "GET /websocket?version=19.0-2 HTTP/1.1" 101 - 1 0.006 0.026
2026-09-21 03:32:50,276 62747 INFO goca-odoo werkzeug: 127.0.0.1 - - [21/Sep/2026 03:32:50] "POST /web/dataset/call_kw/ir.module.module/search_panel_select_range#ir.module.module.search_panel_select_range HTTP/1.1" 200 - 43 0.168 0.025
2026-09-21 03:32:50,293 62747 INFO goca-odoo werkzeug: 127.0.0.1 - - [21/Sep/2026 03:32:50] "POST /web/dataset/call_kw/ir.module.module/get_views#ir.module.module.get_views HTTP/1.1" 200 - 41 0.275 0.247
2026-09-21 03:32:50,353 62747 INFO ? odoo.addons.bus.models.bus: Bus.loop listen imbus on db postgres 
2026-09-21 03:32:50,658 62747 INFO goca-odoo werkzeug: 127.0.0.1 - - [21/Sep/2026 03:32:50] "POST /web/dataset/call_kw/ir.module.module/check_module_update#ir.module.module.check_module_update HTTP/1.1" 200 - 2 0.003 0.106
2026-09-21 03:32:50,708 62747 INFO goca-odoo werkzeug: 127.0.0.1 - - [21/Sep/2026 03:32:50] "POST /web/dataset/call_kw/ir.module.module/check_module_update#ir.module.module.check_module_update HTTP/1.1" 200 - 2 0.013 0.086
2026-09-21 03:32:51,132 62747 INFO goca-odoo werkzeug: 127.0.0.1 - - [21/Sep/2026 03:32:51] "POST /web/dataset/call_kw/ir.module.module/web_search_read#ir.module.module.web_search_read HTTP/1.1" 200 - 3 0.030 0.786
2026-09-21 03:32:52,733 62747 INFO goca-odoo werkzeug: 127.0.0.1 - - [21/Sep/2026 03:32:52] "GET /web/service-worker.js HTTP/1.1" 200 - 1 0.002 0.005
2026-09-21 03:32:53,092 62747 INFO goca-odoo werkzeug: 127.0.0.1 - - [21/Sep/2026 03:32:53] "POST /web/dataset/call_kw/ir.module.module/search_panel_select_range#ir.module.module.search_panel_select_range HTTP/1.1" 200 - 39 0.046 0.039
2026-09-21 03:32:54,030 62747 INFO goca-odoo werkzeug: 127.0.0.1 - - [21/Sep/2026 03:32:54] "GET /web/webclient/translations?hash=d4df2674b4b59c52e8ae2bf1a3b6e711e4d172c9&lang=es_VE HTTP/1.1" 200 - 2 0.001 4.408
2026-09-21 03:32:54,047 62747 INFO goca-odoo werkzeug: 127.0.0.1 - - [21/Sep/2026 03:32:54] "POST /web/dataset/call_kw/ir.module.module/web_search_read#ir.module.module.web_search_read HTTP/1.1" 200 - 4 0.008 0.526
2026-09-21 03:32:54,463 62747 INFO goca-odoo werkzeug: 127.0.0.1 - - [21/Sep/2026 03:32:54] "POST /web/dataset/call_kw/ir.module.module/check_module_update#ir.module.module.check_module_update HTTP/1.1" 200 - 2 0.001 0.003
2026-09-21 03:32:54,886 62747 INFO ? werkzeug: 127.0.0.1 - - [21/Sep/2026 03:32:54] "GET /base/static/description/icon.png HTTP/1.1" 200 - 0 0.000 0.001
2026-09-21 03:32:54,905 62747 INFO ? werkzeug: 127.0.0.1 - - [21/Sep/2026 03:32:54] "GET /pos_mollie/static/description/icon.png HTTP/1.1" 200 - 0 0.000 0.001
2026-09-21 03:32:55,221 62747 INFO goca-odoo odoo.addons.base.models.ir_attachment: _read_file reading /home/soporte/.local/share/Odoo/filestore/goca-odoo/0c/0c81cfadcc3a74ecea0f30b1720840655d971e87 
Traceback (most recent call last):
  File "/home/soporte/odoo/odoo_19/odoo/addons/base/models/ir_attachment.py", line 151, in _file_read
    with open(full_path, 'rb') as f:
         ~~~~^^^^^^^^^^^^^^^^^
FileNotFoundError: [Errno 2] No existe el archivo o el directorio: '/home/soporte/.local/share/Odoo/filestore/goca-odoo/0c/0c81cfadcc3a74ecea0f30b1720840655d971e87'
2026-09-21 03:32:55,222 62747 INFO goca-odoo odoo.addons.base.models.ir_attachment: _read_file reading /home/soporte/.local/share/Odoo/filestore/goca-odoo/aa/aa2cad94340900f9e642750f42295ca97ab0ec81 
Traceback (most recent call last):
  File "/home/soporte/odoo/odoo_19/odoo/addons/base/models/ir_attachment.py", line 151, in _file_read
    with open(full_path, 'rb') as f:
         ~~~~^^^^^^^^^^^^^^^^^
FileNotFoundError: [Errno 2] No existe el archivo o el directorio: '/home/soporte/.local/share/Odoo/filestore/goca-odoo/aa/aa2cad94340900f9e642750f42295ca97ab0ec81'
2026-09-21 03:32:55,223 62747 INFO goca-odoo odoo.addons.base.models.ir_attachment: _read_file reading /home/soporte/.local/share/Odoo/filestore/goca-odoo/f9/f9cf2c8b67d3ebc89ca4d180ef207a248c4e3130 
Traceback (most recent call last):
  File "/home/soporte/odoo/odoo_19/odoo/addons/base/models/ir_attachment.py", line 151, in _file_read
    with open(full_path, 'rb') as f:
         ~~~~^^^^^^^^^^^^^^^^^
FileNotFoundError: [Errno 2] No existe el archivo o el directorio: '/home/soporte/.local/share/Odoo/filestore/goca-odoo/f9/f9cf2c8b67d3ebc89ca4d180ef207a248c4e3130'
2026-09-21 03:32:55,223 62747 INFO goca-odoo odoo.addons.base.models.ir_attachment: _read_file reading /home/soporte/.local/share/Odoo/filestore/goca-odoo/a4/a4511b76524b49a86d44d27508dd20f056bfe827 
Traceback (most recent call last):
  File "/home/soporte/odoo/odoo_19/odoo/addons/base/models/ir_attachment.py", line 151, in _file_read
    with open(full_path, 'rb') as f:
         ~~~~^^^^^^^^^^^^^^^^^
FileNotFoundError: [Errno 2] No existe el archivo o el directorio: '/home/soporte/.local/share/Odoo/filestore/goca-odoo/a4/a4511b76524b49a86d44d27508dd20f056bfe827'
2026-09-21 03:32:55,223 62747 INFO goca-odoo odoo.addons.base.models.ir_attachment: _read_file reading /home/soporte/.local/share/Odoo/filestore/goca-odoo/51/517a97a04c19cdd67572ff8a0ef89fad5a2c278e 
Traceback (most recent call last):
  File "/home/soporte/odoo/odoo_19/odoo/addons/base/models/ir_attachment.py", line 151, in _file_read
    with open(full_path, 'rb') as f:
         ~~~~^^^^^^^^^^^^^^^^^
FileNotFoundError: [Errno 2] No existe el archivo o el directorio: '/home/soporte/.local/share/Odoo/filestore/goca-odoo/51/517a97a04c19cdd67572ff8a0ef89fad5a2c278e'
2026-09-21 03:32:55,224 62747 INFO goca-odoo odoo.addons.base.models.ir_attachment: _read_file reading /home/soporte/.local/share/Odoo/filestore/goca-odoo/37/3709cc2e0d5df4c199f96c6d07e2aaf29a63bcba 
Traceback (most recent call last):
  File "/home/soporte/odoo/odoo_19/odoo/addons/base/models/ir_attachment.py", line 151, in _file_read
    with open(full_path, 'rb') as f:
         ~~~~^^^^^^^^^^^^^^^^^
FileNotFoundError: [Errno 2] No existe el archivo o el directorio: '/home/soporte/.local/share/Odoo/filestore/goca-odoo/37/3709cc2e0d5df4c199f96c6d07e2aaf29a63bcba'
2026-09-21 03:32:55,224 62747 INFO goca-odoo odoo.addons.base.models.ir_attachment: _read_file reading /home/soporte/.local/share/Odoo/filestore/goca-odoo/a2/a2094f7db95831ba027e182bbc3f480be6fd0088 
Traceback (most recent call last):
  File "/home/soporte/odoo/odoo_19/odoo/addons/base/models/ir_attachment.py", line 151, in _file_read
    with open(full_path, 'rb') as f:
         ~~~~^^^^^^^^^^^^^^^^^
FileNotFoundError: [Errno 2] No existe el archivo o el directorio: '/home/soporte/.local/share/Odoo/filestore/goca-odoo/a2/a2094f7db95831ba027e182bbc3f480be6fd0088'
2026-09-21 03:32:55,225 62747 INFO goca-odoo odoo.addons.base.models.ir_attachment: _read_file reading /home/soporte/.local/share/Odoo/filestore/goca-odoo/1c/1c16002d10f6155661a6ae83417fee29e281fb7b 
Traceback (most recent call last):
  File "/home/soporte/odoo/odoo_19/odoo/addons/base/models/ir_attachment.py", line 151, in _file_read
    with open(full_path, 'rb') as f:
         ~~~~^^^^^^^^^^^^^^^^^
FileNotFoundError: [Errno 2] No existe el archivo o el directorio: '/home/soporte/.local/share/Odoo/filestore/goca-odoo/1c/1c16002d10f6155661a6ae83417fee29e281fb7b'
2026-09-21 03:32:55,225 62747 INFO goca-odoo odoo.addons.base.models.ir_attachment: _read_file reading /home/soporte/.local/share/Odoo/filestore/goca-odoo/f3/f31bdf173e5748b875ca5e389e1edba54b4bff25 
Traceback (most recent call last):
  File "/home/soporte/odoo/odoo_19/odoo/addons/base/models/ir_attachment.py", line 151, in _file_read
    with open(full_path, 'rb') as f:
         ~~~~^^^^^^^^^^^^^^^^^
FileNotFoundError: [Errno 2] No existe el archivo o el directorio: '/home/soporte/.local/share/Odoo/filestore/goca-odoo/f3/f31bdf173e5748b875ca5e389e1edba54b4bff25'
2026-09-21 03:32:55,226 62747 INFO goca-odoo odoo.addons.base.models.ir_attachment: _read_file reading /home/soporte/.local/share/Odoo/filestore/goca-odoo/c2/c21721ec3ec2e8d086eebf804e0ede5f25aa14d7 
Traceback (most recent call last):
  File "/home/soporte/odoo/odoo_19/odoo/addons/base/models/ir_attachment.py", line 151, in _file_read
    with open(full_path, 'rb') as f:
         ~~~~^^^^^^^^^^^^^^^^^
FileNotFoundError: [Errno 2] No existe el archivo o el directorio: '/home/soporte/.local/share/Odoo/filestore/goca-odoo/c2/c21721ec3ec2e8d086eebf804e0ede5f25aa14d7'
2026-09-21 03:32:55,226 62747 INFO goca-odoo odoo.addons.base.models.ir_attachment: _read_file reading /home/soporte/.local/share/Odoo/filestore/goca-odoo/c2/c2f49a19f3cf050243e62b22cde5072cca84fcaa 
Traceback (most recent call last):
  File "/home/soporte/odoo/odoo_19/odoo/addons/base/models/ir_attachment.py", line 151, in _file_read
    with open(full_path, 'rb') as f:
         ~~~~^^^^^^^^^^^^^^^^^
FileNotFoundError: [Errno 2] No existe el archivo o el directorio: '/home/soporte/.local/share/Odoo/filestore/goca-odoo/c2/c2f49a19f3cf050243e62b22cde5072cca84fcaa'
2026-09-21 03:32:55,226 62747 INFO goca-odoo odoo.addons.base.models.ir_attachment: _read_file reading /home/soporte/.local/share/Odoo/filestore/goca-odoo/5e/5e1a46f3ba53e2d6329ba3c74fa21b8acd8fd6c7 
Traceback (most recent call last):
  File "/home/soporte/odoo/odoo_19/odoo/addons/base/models/ir_attachment.py", line 151, in _file_read
    with open(full_path, 'rb') as f:
         ~~~~^^^^^^^^^^^^^^^^^
FileNotFoundError: [Errno 2] No existe el archivo o el directorio: '/home/soporte/.local/share/Odoo/filestore/goca-odoo/5e/5e1a46f3ba53e2d6329ba3c74fa21b8acd8fd6c7'
2026-09-21 03:32:55,227 62747 INFO goca-odoo odoo.addons.base.models.ir_attachment: _read_file reading /home/soporte/.local/share/Odoo/filestore/goca-odoo/74/744fc247b813c44f4cf02357706e88b283cb0f97 
Traceback (most recent call last):
  File "/home/soporte/odoo/odoo_19/odoo/addons/base/models/ir_attachment.py", line 151, in _file_read
    with open(full_path, 'rb') as f:
         ~~~~^^^^^^^^^^^^^^^^^
FileNotFoundError: [Errno 2] No existe el archivo o el directorio: '/home/soporte/.local/share/Odoo/filestore/goca-odoo/74/744fc247b813c44f4cf02357706e88b283cb0f97'
2026-09-21 03:32:55,227 62747 INFO goca-odoo odoo.addons.base.models.ir_attachment: _read_file reading /home/soporte/.local/share/Odoo/filestore/goca-odoo/3d/3d7a7360fe4a73a90dd3b4ba554a9254ed61e864 
Traceback (most recent call last):
  File "/home/soporte/odoo/odoo_19/odoo/addons/base/models/ir_attachment.py", line 151, in _file_read
    with open(full_path, 'rb') as f:
         ~~~~^^^^^^^^^^^^^^^^^
FileNotFoundError: [Errno 2] No existe el archivo o el directorio: '/home/soporte/.local/share/Odoo/filestore/goca-odoo/3d/3d7a7360fe4a73a90dd3b4ba554a9254ed61e864'
2026-09-21 03:32:55,228 62747 INFO goca-odoo odoo.addons.base.models.ir_attachment: _read_file reading /home/soporte/.local/share/Odoo/filestore/goca-odoo/b7/b73a9deb85def8a1a00e4d545c4f79747d78f487 
Traceback (most recent call last):
  File "/home/soporte/odoo/odoo_19/odoo/addons/base/models/ir_attachment.py", line 151, in _file_read
    with open(full_path, 'rb') as f:
         ~~~~^^^^^^^^^^^^^^^^^
FileNotFoundError: [Errno 2] No existe el archivo o el directorio: '/home/soporte/.local/share/Odoo/filestore/goca-odoo/b7/b73a9deb85def8a1a00e4d545c4f79747d78f487'
2026-09-21 03:32:55,324 62747 INFO goca-odoo werkzeug: 127.0.0.1 - - [21/Sep/2026 03:32:55] "GET /web_responsive/static/description/icon.png HTTP/1.1" 404 - 81 0.045 0.365
2026-09-21 03:32:55,745 62747 INFO ? werkzeug: 127.0.0.1 - - [21/Sep/2026 03:32:55] "GET /web/static/img/placeholder.png HTTP/1.1" 200 - 0 0.000 0.001
2026-09-21 03:33:01,603 62747 INFO goca-odoo werkzeug: 127.0.0.1 - - [21/Sep/2026 03:33:01] "POST /web/dataset/call_kw/ir.module.module/search_panel_select_range#ir.module.module.search_panel_select_range HTTP/1.1" 200 - 39 0.011 0.016
2026-09-21 03:33:02,068 62747 INFO goca-odoo werkzeug: 127.0.0.1 - - [21/Sep/2026 03:33:02] "POST /web/dataset/call_kw/ir.module.module/web_search_read#ir.module.module.web_search_read HTTP/1.1" 200 - 3 0.004 0.005
2026-09-21 03:33:02,469 62747 INFO goca-odoo werkzeug: 127.0.0.1 - - [21/Sep/2026 03:33:02] "POST /web/dataset/call_kw/ir.module.module/check_module_update#ir.module.module.check_module_update HTTP/1.1" 200 - 2 0.001 0.003
2026-09-21 03:33:02,884 62747 INFO goca-odoo werkzeug: 127.0.0.1 - - [21/Sep/2026 03:33:02] "GET /web_responsive/static/description/icon.png HTTP/1.1" 404 - 10 0.004 0.021
2026-09-21 03:34:40,013 62747 INFO goca-odoo werkzeug: 127.0.0.1 - - [21/Sep/2026 03:34:40] "POST /web/action/load HTTP/1.1" 200 - 12 0.005 0.287
2026-09-21 03:34:40,595 62747 INFO goca-odoo werkzeug: 127.0.0.1 - - [21/Sep/2026 03:34:40] "POST /web/dataset/call_kw/sale.order/get_views#sale.order.get_views HTTP/1.1" 200 - 111 0.041 0.135
2026-09-21 03:34:41,162 62747 INFO goca-odoo werkzeug: 127.0.0.1 - - [21/Sep/2026 03:34:41] "POST /web/dataset/call_kw/sale.order/web_search_read#sale.order.web_search_read HTTP/1.1" 200 - 25 0.018 0.058
2026-09-21 03:34:41,686 62747 INFO goca-odoo werkzeug: 127.0.0.1 - - [21/Sep/2026 03:34:41] "POST /web/dataset/call_kw/res.currency/read#res.currency.read HTTP/1.1" 200 - 10 0.005 0.012
2026-09-21 03:34:42,286 62747 INFO goca-odoo odoo.addons.base.models.ir_attachment: _read_file reading /home/soporte/.local/share/Odoo/filestore/goca-odoo/0a/0adf2cc06d00a5661be2f8d8a6ff641818f86b83 
Traceback (most recent call last):
  File "/home/soporte/odoo/odoo_19/odoo/addons/base/models/ir_attachment.py", line 151, in _file_read
    with open(full_path, 'rb') as f:
         ~~~~^^^^^^^^^^^^^^^^^
FileNotFoundError: [Errno 2] No existe el archivo o el directorio: '/home/soporte/.local/share/Odoo/filestore/goca-odoo/0a/0adf2cc06d00a5661be2f8d8a6ff641818f86b83'
2026-09-21 03:34:42,290 62747 INFO goca-odoo werkzeug: 127.0.0.1 - - [21/Sep/2026 03:34:42] "GET /web/image/res.users/2/avatar_128 HTTP/1.1" 200 - 8 0.003 0.017
2026-09-21 03:34:46,352 62747 INFO goca-odoo werkzeug: 127.0.0.1 - - [21/Sep/2026 03:34:46] "POST /web/dataset/call_kw/sale.order/web_read#sale.order.web_read HTTP/1.1" 200 - 68 0.038 0.350
2026-09-21 03:34:46,843 62747 INFO ? werkzeug: 127.0.0.1 - - [21/Sep/2026 03:34:46] "GET /partner_autocomplete/static/lib/jsvat.js HTTP/1.1" 200 - 0 0.000 0.002
2026-09-21 03:34:47,333 62747 INFO ? werkzeug: 127.0.0.1 - - [21/Sep/2026 03:34:47] "GET /web/static/img/openhand.cur HTTP/1.1" 200 - 0 0.000 0.002
2026-09-21 03:34:47,528 62747 INFO goca-odoo werkzeug: 127.0.0.1 - - [21/Sep/2026 03:34:47] "POST /mail/thread/messages HTTP/1.1" 200 - 25 0.027 0.027
2026-09-21 03:34:47,556 62747 INFO goca-odoo werkzeug: 127.0.0.1 - - [21/Sep/2026 03:34:47] "POST /mail/data HTTP/1.1" 200 - 39 0.029 0.047
2026-09-21 03:34:48,044 62747 INFO goca-odoo werkzeug: 127.0.0.1 - - [21/Sep/2026 03:34:48] "GET /web/bundle/web.assets_emoji?lang=es_VE HTTP/1.1" 200 - 2 0.001 0.005
2026-09-21 03:34:48,131 62747 INFO goca-odoo odoo.addons.base.models.ir_attachment: _read_file reading /home/soporte/.local/share/Odoo/filestore/goca-odoo/0a/0adf2cc06d00a5661be2f8d8a6ff641818f86b83 
Traceback (most recent call last):
  File "/home/soporte/odoo/odoo_19/odoo/addons/base/models/ir_attachment.py", line 151, in _file_read
    with open(full_path, 'rb') as f:
         ~~~~^^^^^^^^^^^^^^^^^
FileNotFoundError: [Errno 2] No existe el archivo o el directorio: '/home/soporte/.local/share/Odoo/filestore/goca-odoo/0a/0adf2cc06d00a5661be2f8d8a6ff641818f86b83'
2026-09-21 03:34:48,134 62747 INFO goca-odoo werkzeug: 127.0.0.1 - - [21/Sep/2026 03:34:48] "GET /web/image/res.partner/3/avatar_128?unique=1781984695000 HTTP/1.1" 200 - 7 0.005 0.020
2026-09-21 03:34:48,757 62747 INFO goca-odoo odoo.addons.base.models.assetsbundle: Generating a new asset bundle attachment /web/assets/f375176/web.assets_emoji.min.js (id:1338) 
2026-09-21 03:34:48,759 62747 INFO goca-odoo odoo.addons.base.models.assetsbundle: Deleting attachments [1245] (matching /web/assets/_______/web.assets_emoji.min.js) because it was replaced with /web/assets/f375176/web.assets_emoji.min.js 
2026-09-21 03:34:48,771 62747 INFO goca-odoo werkzeug: 127.0.0.1 - - [21/Sep/2026 03:34:48] "GET /web/assets/f375176/web.assets_emoji.min.js HTTP/1.1" 200 - 14 0.011 0.240
2026-09-21 03:34:50,520 62747 INFO goca-odoo werkzeug: 127.0.0.1 - - [21/Sep/2026 03:34:50] "POST /web/action/load HTTP/1.1" 200 - 8 0.004 0.011
2026-09-21 03:34:50,946 62747 INFO goca-odoo odoo.addons.base.models.ir_actions_report: You need Wkhtmltopdf to print a pdf version of the reports. 
2026-09-21 03:34:50,947 62747 INFO goca-odoo odoo.addons.base.models.ir_actions_report: You need Wkhtmltoimage to generate images from html. 
2026-09-21 03:34:50,947 62747 INFO goca-odoo werkzeug: 127.0.0.1 - - [21/Sep/2026 03:34:50] "POST /report/check_wkhtmltopdf HTTP/1.1" 200 - 1 0.001 0.003
2026-09-21 03:34:50,997 62747 INFO ? werkzeug: 127.0.0.1 - - [21/Sep/2026 03:34:50] "GET /web/static/img/spin.svg HTTP/1.1" 200 - 0 0.000 0.001
2026-09-21 03:34:51,697 62747 INFO goca-odoo odoo.addons.base.models.ir_attachment: _read_file reading /home/soporte/.local/share/Odoo/filestore/goca-odoo/73/73b70352962ffe47b070ddde261d925950c84e30 
Traceback (most recent call last):
  File "/home/soporte/odoo/odoo_19/odoo/addons/base/models/ir_attachment.py", line 151, in _file_read
    with open(full_path, 'rb') as f:
         ~~~~^^^^^^^^^^^^^^^^^
FileNotFoundError: [Errno 2] No existe el archivo o el directorio: '/home/soporte/.local/share/Odoo/filestore/goca-odoo/73/73b70352962ffe47b070ddde261d925950c84e30'
2026-09-21 03:34:52,709 62747 INFO goca-odoo werkzeug: 127.0.0.1 - - [21/Sep/2026 03:34:52] "GET /report/html/sale.report_saleorder/79?context={"lang":"es_VE","tz":"America/Caracas","uid":2,"allowed_company_ids":[1]} HTTP/1.1" 200 - 81 0.037 1.261
2026-09-21 03:34:53,199 62747 INFO goca-odoo odoo.addons.base.models.assetsbundle: Generating a new asset bundle attachment /web/assets/1/4d1054c/web.report_assets_common.min.js (id:1339) 
2026-09-21 03:34:53,200 62747 INFO goca-odoo odoo.addons.base.models.assetsbundle: Deleting attachments [1247] (matching /web/assets/1/_______/web.report_assets_common.min.js) because it was replaced with /web/assets/1/4d1054c/web.report_assets_common.min.js 
2026-09-21 03:34:53,205 62747 INFO goca-odoo odoo.addons.base.models.ir_attachment: _read_file reading /home/soporte/.local/share/Odoo/filestore/goca-odoo/24/244c7ef0fa485c0d2ea58dd1ee453ebe0837cbdf 
Traceback (most recent call last):
  File "/home/soporte/odoo/odoo_19/odoo/addons/base/models/ir_attachment.py", line 151, in _file_read
    with open(full_path, 'rb') as f:
         ~~~~^^^^^^^^^^^^^^^^^
FileNotFoundError: [Errno 2] No existe el archivo o el directorio: '/home/soporte/.local/share/Odoo/filestore/goca-odoo/24/244c7ef0fa485c0d2ea58dd1ee453ebe0837cbdf'
2026-09-21 03:34:53,207 62747 INFO goca-odoo odoo.addons.base.models.ir_attachment: _read_file reading /home/soporte/.local/share/Odoo/filestore/goca-odoo/7d/7d491f0c640169793527b37932c246f99e4a1f5b 
Traceback (most recent call last):
  File "/home/soporte/odoo/odoo_19/odoo/addons/base/models/ir_attachment.py", line 151, in _file_read
    with open(full_path, 'rb') as f:
         ~~~~^^^^^^^^^^^^^^^^^
FileNotFoundError: [Errno 2] No existe el archivo o el directorio: '/home/soporte/.local/share/Odoo/filestore/goca-odoo/7d/7d491f0c640169793527b37932c246f99e4a1f5b'
2026-09-21 03:34:53,211 62747 INFO goca-odoo werkzeug: 127.0.0.1 - - [21/Sep/2026 03:34:53] "GET /web/assets/1/4d1054c/web.report_assets_common.min.js HTTP/1.1" 200 - 11 0.007 0.061
2026-09-21 03:34:53,218 62747 INFO goca-odoo odoo.addons.base.models.ir_attachment: _read_file reading /home/soporte/.local/share/Odoo/filestore/goca-odoo/a8/a8d519bcc1976f32708f4b7adb1499e99a5bea5b 
Traceback (most recent call last):
  File "/home/soporte/odoo/odoo_19/odoo/addons/base/models/ir_attachment.py", line 151, in _file_read
    with open(full_path, 'rb') as f:
         ~~~~^^^^^^^^^^^^^^^^^
FileNotFoundError: [Errno 2] No existe el archivo o el directorio: '/home/soporte/.local/share/Odoo/filestore/goca-odoo/a8/a8d519bcc1976f32708f4b7adb1499e99a5bea5b'
2026-09-21 03:34:54,136 62747 INFO ? werkzeug: 127.0.0.1 - - [21/Sep/2026 03:34:54] "GET /web/login HTTP/1.1" 303 - 2 0.012 0.077
2026-09-21 03:34:54,160 62747 INFO goca-odoo odoo.addons.base.models.assetsbundle: Generating a new asset bundle attachment /web/assets/1/1d7ca5e/web.report_assets_common.autoprefixed.min.css (id:1340) 
2026-09-21 03:34:54,161 62747 INFO goca-odoo odoo.addons.base.models.assetsbundle: Deleting attachments [1249] (matching /web/assets/1/_______/web.report_assets_common.autoprefixed.min.css) because it was replaced with /web/assets/1/1d7ca5e/web.report_assets_common.autoprefixed.min.css 
2026-09-21 03:34:54,175 62747 INFO goca-odoo werkzeug: 127.0.0.1 - - [21/Sep/2026 03:34:54] "GET /web/assets/1/1d7ca5e/web.report_assets_common.autoprefixed.min.css HTTP/1.1" 200 - 17 0.031 0.965
2026-09-21 03:34:54,682 62747 INFO ? werkzeug: 127.0.0.1 - - [21/Sep/2026 03:34:54] "GET /web/static/fonts/lato/Lato-Reg-webfont.woff HTTP/1.1" 200 - 0 0.000 0.001
2026-09-21 03:34:54,733 62747 INFO ? werkzeug: 127.0.0.1 - - [21/Sep/2026 03:34:54] "GET /web/static/fonts/lato/Lato-Bol-webfont.woff HTTP/1.1" 200 - 0 0.000 0.001
2026-09-21 03:35:49,328 62747 INFO goca-odoo werkzeug: 127.0.0.1 - - [21/Sep/2026 03:35:49] "GET /odoo/sales/79/action-543 HTTP/1.1" 200 - 23 0.010 0.032
2026-09-21 03:35:49,460 62747 INFO goca-odoo werkzeug: 127.0.0.1 - - [21/Sep/2026 03:35:49] "GET /web/webclient/load_menus HTTP/1.1" 200 - 1 0.001 0.005
2026-09-21 03:35:49,771 62747 INFO goca-odoo werkzeug: 127.0.0.1 - - [21/Sep/2026 03:35:49] "GET /web/manifest.webmanifest HTTP/1.1" 200 - 6 0.003 0.006
2026-09-21 03:35:49,983 62747 INFO goca-odoo werkzeug: 127.0.0.1 - - [21/Sep/2026 03:35:49] "GET /web/webclient/translations?hash=d4df2674b4b59c52e8ae2bf1a3b6e711e4d172c9&lang=es_VE HTTP/1.1" 200 - 1 0.001 0.003
2026-09-21 03:35:50,001 62747 INFO goca-odoo werkzeug: 127.0.0.1 - - [21/Sep/2026 03:35:50] "GET /bus/websocket_worker_bundle?v=19.0-2 HTTP/1.1" 304 - 3 0.002 0.004
2026-09-21 03:35:50,154 62747 INFO goca-odoo odoo.addons.base.models.ir_attachment: _read_file reading /home/soporte/.local/share/Odoo/filestore/goca-odoo/0a/0adf2cc06d00a5661be2f8d8a6ff641818f86b83 
Traceback (most recent call last):
  File "/home/soporte/odoo/odoo_19/odoo/addons/base/models/ir_attachment.py", line 151, in _file_read
    with open(full_path, 'rb') as f:
         ~~~~^^^^^^^^^^^^^^^^^
FileNotFoundError: [Errno 2] No existe el archivo o el directorio: '/home/soporte/.local/share/Odoo/filestore/goca-odoo/0a/0adf2cc06d00a5661be2f8d8a6ff641818f86b83'
2026-09-21 03:35:50,158 62747 INFO goca-odoo werkzeug: 127.0.0.1 - - [21/Sep/2026 03:35:50] "POST /report/check_wkhtmltopdf HTTP/1.1" 200 - 1 0.003 0.003
2026-09-21 03:35:50,160 62747 INFO goca-odoo werkzeug: 127.0.0.1 - - [21/Sep/2026 03:35:50] "GET /web/image?model=res.users&field=avatar_128&id=2 HTTP/1.1" 304 - 8 0.005 0.025
2026-09-21 03:35:50,212 62747 INFO goca-odoo werkzeug: 127.0.0.1 - - [21/Sep/2026 03:35:50] "POST /mail/data HTTP/1.1" 200 - 18 0.009 0.016
2026-09-21 03:35:50,478 62747 INFO goca-odoo werkzeug: 127.0.0.1 - - [21/Sep/2026 03:35:50] "GET /websocket?version=19.0-2 HTTP/1.1" 101 - 1 0.001 0.003
2026-09-21 03:35:50,629 62747 INFO goca-odoo odoo.addons.base.models.ir_attachment: _read_file reading /home/soporte/.local/share/Odoo/filestore/goca-odoo/73/73b70352962ffe47b070ddde261d925950c84e30 
Traceback (most recent call last):
  File "/home/soporte/odoo/odoo_19/odoo/addons/base/models/ir_attachment.py", line 151, in _file_read
    with open(full_path, 'rb') as f:
         ~~~~^^^^^^^^^^^^^^^^^
FileNotFoundError: [Errno 2] No existe el archivo o el directorio: '/home/soporte/.local/share/Odoo/filestore/goca-odoo/73/73b70352962ffe47b070ddde261d925950c84e30'
2026-09-21 03:35:50,639 62747 INFO goca-odoo werkzeug: 127.0.0.1 - - [21/Sep/2026 03:35:50] "GET /report/html/sale.report_saleorder/79?context={"lang":"es_VE","tz":"America/Caracas","uid":2,"allowed_company_ids":[1]} HTTP/1.1" 200 - 23 0.009 0.041
2026-09-21 03:35:52,245 62747 INFO goca-odoo werkzeug: 127.0.0.1 - - [21/Sep/2026 03:35:52] "GET /web/service-worker.js HTTP/1.1" 200 - 1 0.001 0.003
2026-09-21 03:35:57,556 62747 INFO ? odoo.service.server: Initiating shutdown 
2026-09-21 03:35:57,557 62747 INFO ? odoo.service.server: Hit CTRL-C again or send a second signal to force the shutdown. 
2026-09-21 03:35:58,578 62747 INFO ? odoo.sql_db: ConnectionPool(read/write;used=0/count=0/max=64): Closed 8 connections  
2026-09-21 03:35:58,594 62747 INFO ? odoo.service.server: cron0 max age (0s) reached, releasing connection. 
2026-09-21 03:35:58,606 62747 INFO ? odoo.service.server: cron1 max age (0s) reached, releasing connection. 
2026-09-21 03:43:17,184 1736 WARNING ? odoo.tools.config: option db_host reads 'False' in the config file at /home/soporte/odoo/odoo_19/odoo-server.conf but isn't a boolean option, skip 
2026-09-21 03:43:17,184 1736 WARNING ? odoo.tools.config: option db_port reads 'False' in the config file at /home/soporte/odoo/odoo_19/odoo-server.conf but isn't a boolean option, skip 
2026-09-21 03:43:17,184 1736 WARNING ? odoo.tools.config: option db_password reads 'False' in the config file at /home/soporte/odoo/odoo_19/odoo-server.conf but isn't a boolean option, skip 
2026-09-21 03:43:17,184 1736 WARNING ? odoo.tools.config: missing --http-interface/http_interface, using 0.0.0.0 by default, will change to 127.0.0.1 in 20.0 
2026-09-21 03:43:17,185 1736 INFO ? odoo: Odoo version 19.0 
2026-09-21 03:43:17,185 1736 INFO ? odoo: Using configuration file at /home/soporte/odoo/odoo_19/odoo-server.conf 
2026-09-21 03:43:17,185 1736 INFO ? odoo: addons paths: _NamespacePath(['/home/soporte/odoo/odoo_19/odoo/addons', '/home/soporte/.local/share/Odoo/addons/19.0', '/home/soporte/odoo/odoo_19/addons']) 
2026-09-21 03:43:17,185 1736 INFO ? odoo: database: soporte@default:default 
2026-09-21 03:43:18,045 1736 INFO ? odoo.service.server: HTTP service (werkzeug) running on soporte:8069 
2026-09-21 03:43:57,589 1736 INFO ? odoo.modules.loading: loading 1 modules... 
2026-09-21 03:43:57,598 1736 INFO ? odoo.modules.loading: 1 modules loaded in 0.01s, 0 queries (+0 extra) 
2026-09-21 03:43:57,619 1736 WARNING ? odoo.modules.module_graph: module web_responsive: not installable, skipped 
2026-09-21 03:43:57,662 1736 INFO ? odoo.modules.loading: loading 112 modules... 
2026-09-21 03:43:58,623 1736 INFO ? odoo.modules.loading: 112 modules loaded in 0.96s, 0 queries (+0 extra) 
2026-09-21 03:43:58,953 1736 ERROR ? odoo.modules.loading: Some modules are not loaded, some dependencies or manifest may be missing: ['web_responsive'] 
2026-09-21 03:43:58,954 1736 INFO ? odoo.modules.loading: Modules loaded. 
2026-09-21 03:43:59,030 1736 INFO ? odoo.registry: Registry loaded in 1.482s 
2026-09-21 03:43:59,036 1736 INFO goca-odoo odoo.addons.base.models.ir_http: Generating routing map for key 1 
2026-09-21 03:43:59,157 1736 INFO goca-odoo werkzeug: 127.0.0.1 - - [21/Sep/2026 03:43:59] "GET /websocket?version=19.0-2 HTTP/1.1" 101 - 28 0.088 1.524
2026-09-21 03:43:59,554 1736 INFO goca-odoo werkzeug: 127.0.0.1 - - [21/Sep/2026 03:43:59] "POST /bus/has_missed_notifications HTTP/1.1" 200 - 2 0.002 0.007
2026-09-21 03:43:59,641 1736 INFO ? odoo.addons.bus.models.bus: Bus.loop listen imbus on db postgres 
2026-09-21 03:44:22,666 1736 INFO goca-odoo werkzeug: 127.0.0.1 - - [21/Sep/2026 03:44:22] "GET /odoo/sales/79/action-543 HTTP/1.1" 200 - 87 0.041 0.358
2026-09-21 03:44:22,822 1736 INFO goca-odoo odoo.addons.base.models.ir_attachment: _read_file reading /home/soporte/.local/share/Odoo/filestore/goca-odoo/0c/0c81cfadcc3a74ecea0f30b1720840655d971e87 
Traceback (most recent call last):
  File "/home/soporte/odoo/odoo_19/odoo/addons/base/models/ir_attachment.py", line 151, in _file_read
    with open(full_path, 'rb') as f:
         ~~~~^^^^^^^^^^^^^^^^^
FileNotFoundError: [Errno 2] No existe el archivo o el directorio: '/home/soporte/.local/share/Odoo/filestore/goca-odoo/0c/0c81cfadcc3a74ecea0f30b1720840655d971e87'
2026-09-21 03:44:22,823 1736 INFO goca-odoo odoo.addons.base.models.ir_attachment: _read_file reading /home/soporte/.local/share/Odoo/filestore/goca-odoo/aa/aa2cad94340900f9e642750f42295ca97ab0ec81 
Traceback (most recent call last):
  File "/home/soporte/odoo/odoo_19/odoo/addons/base/models/ir_attachment.py", line 151, in _file_read
    with open(full_path, 'rb') as f:
         ~~~~^^^^^^^^^^^^^^^^^
FileNotFoundError: [Errno 2] No existe el archivo o el directorio: '/home/soporte/.local/share/Odoo/filestore/goca-odoo/aa/aa2cad94340900f9e642750f42295ca97ab0ec81'
2026-09-21 03:44:22,824 1736 INFO goca-odoo odoo.addons.base.models.ir_attachment: _read_file reading /home/soporte/.local/share/Odoo/filestore/goca-odoo/f9/f9cf2c8b67d3ebc89ca4d180ef207a248c4e3130 
Traceback (most recent call last):
  File "/home/soporte/odoo/odoo_19/odoo/addons/base/models/ir_attachment.py", line 151, in _file_read
    with open(full_path, 'rb') as f:
         ~~~~^^^^^^^^^^^^^^^^^
FileNotFoundError: [Errno 2] No existe el archivo o el directorio: '/home/soporte/.local/share/Odoo/filestore/goca-odoo/f9/f9cf2c8b67d3ebc89ca4d180ef207a248c4e3130'
2026-09-21 03:44:22,824 1736 INFO goca-odoo odoo.addons.base.models.ir_attachment: _read_file reading /home/soporte/.local/share/Odoo/filestore/goca-odoo/a4/a4511b76524b49a86d44d27508dd20f056bfe827 
Traceback (most recent call last):
  File "/home/soporte/odoo/odoo_19/odoo/addons/base/models/ir_attachment.py", line 151, in _file_read
    with open(full_path, 'rb') as f:
         ~~~~^^^^^^^^^^^^^^^^^
FileNotFoundError: [Errno 2] No existe el archivo o el directorio: '/home/soporte/.local/share/Odoo/filestore/goca-odoo/a4/a4511b76524b49a86d44d27508dd20f056bfe827'
2026-09-21 03:44:22,824 1736 INFO goca-odoo odoo.addons.base.models.ir_attachment: _read_file reading /home/soporte/.local/share/Odoo/filestore/goca-odoo/51/517a97a04c19cdd67572ff8a0ef89fad5a2c278e 
Traceback (most recent call last):
  File "/home/soporte/odoo/odoo_19/odoo/addons/base/models/ir_attachment.py", line 151, in _file_read
    with open(full_path, 'rb') as f:
         ~~~~^^^^^^^^^^^^^^^^^
FileNotFoundError: [Errno 2] No existe el archivo o el directorio: '/home/soporte/.local/share/Odoo/filestore/goca-odoo/51/517a97a04c19cdd67572ff8a0ef89fad5a2c278e'
2026-09-21 03:44:22,825 1736 INFO goca-odoo odoo.addons.base.models.ir_attachment: _read_file reading /home/soporte/.local/share/Odoo/filestore/goca-odoo/37/3709cc2e0d5df4c199f96c6d07e2aaf29a63bcba 
Traceback (most recent call last):
  File "/home/soporte/odoo/odoo_19/odoo/addons/base/models/ir_attachment.py", line 151, in _file_read
    with open(full_path, 'rb') as f:
         ~~~~^^^^^^^^^^^^^^^^^
FileNotFoundError: [Errno 2] No existe el archivo o el directorio: '/home/soporte/.local/share/Odoo/filestore/goca-odoo/37/3709cc2e0d5df4c199f96c6d07e2aaf29a63bcba'
2026-09-21 03:44:22,825 1736 INFO goca-odoo odoo.addons.base.models.ir_attachment: _read_file reading /home/soporte/.local/share/Odoo/filestore/goca-odoo/a2/a2094f7db95831ba027e182bbc3f480be6fd0088 
Traceback (most recent call last):
  File "/home/soporte/odoo/odoo_19/odoo/addons/base/models/ir_attachment.py", line 151, in _file_read
    with open(full_path, 'rb') as f:
         ~~~~^^^^^^^^^^^^^^^^^
FileNotFoundError: [Errno 2] No existe el archivo o el directorio: '/home/soporte/.local/share/Odoo/filestore/goca-odoo/a2/a2094f7db95831ba027e182bbc3f480be6fd0088'
2026-09-21 03:44:22,826 1736 INFO goca-odoo odoo.addons.base.models.ir_attachment: _read_file reading /home/soporte/.local/share/Odoo/filestore/goca-odoo/1c/1c16002d10f6155661a6ae83417fee29e281fb7b 
Traceback (most recent call last):
  File "/home/soporte/odoo/odoo_19/odoo/addons/base/models/ir_attachment.py", line 151, in _file_read
    with open(full_path, 'rb') as f:
         ~~~~^^^^^^^^^^^^^^^^^
FileNotFoundError: [Errno 2] No existe el archivo o el directorio: '/home/soporte/.local/share/Odoo/filestore/goca-odoo/1c/1c16002d10f6155661a6ae83417fee29e281fb7b'
2026-09-21 03:44:22,826 1736 INFO goca-odoo odoo.addons.base.models.ir_attachment: _read_file reading /home/soporte/.local/share/Odoo/filestore/goca-odoo/f3/f31bdf173e5748b875ca5e389e1edba54b4bff25 
Traceback (most recent call last):
  File "/home/soporte/odoo/odoo_19/odoo/addons/base/models/ir_attachment.py", line 151, in _file_read
    with open(full_path, 'rb') as f:
         ~~~~^^^^^^^^^^^^^^^^^
FileNotFoundError: [Errno 2] No existe el archivo o el directorio: '/home/soporte/.local/share/Odoo/filestore/goca-odoo/f3/f31bdf173e5748b875ca5e389e1edba54b4bff25'
2026-09-21 03:44:22,826 1736 INFO goca-odoo odoo.addons.base.models.ir_attachment: _read_file reading /home/soporte/.local/share/Odoo/filestore/goca-odoo/c2/c21721ec3ec2e8d086eebf804e0ede5f25aa14d7 
Traceback (most recent call last):
  File "/home/soporte/odoo/odoo_19/odoo/addons/base/models/ir_attachment.py", line 151, in _file_read
    with open(full_path, 'rb') as f:
         ~~~~^^^^^^^^^^^^^^^^^
FileNotFoundError: [Errno 2] No existe el archivo o el directorio: '/home/soporte/.local/share/Odoo/filestore/goca-odoo/c2/c21721ec3ec2e8d086eebf804e0ede5f25aa14d7'
2026-09-21 03:44:22,827 1736 INFO goca-odoo odoo.addons.base.models.ir_attachment: _read_file reading /home/soporte/.local/share/Odoo/filestore/goca-odoo/c2/c2f49a19f3cf050243e62b22cde5072cca84fcaa 
Traceback (most recent call last):
  File "/home/soporte/odoo/odoo_19/odoo/addons/base/models/ir_attachment.py", line 151, in _file_read
    with open(full_path, 'rb') as f:
         ~~~~^^^^^^^^^^^^^^^^^
FileNotFoundError: [Errno 2] No existe el archivo o el directorio: '/home/soporte/.local/share/Odoo/filestore/goca-odoo/c2/c2f49a19f3cf050243e62b22cde5072cca84fcaa'
2026-09-21 03:44:22,827 1736 INFO goca-odoo odoo.addons.base.models.ir_attachment: _read_file reading /home/soporte/.local/share/Odoo/filestore/goca-odoo/5e/5e1a46f3ba53e2d6329ba3c74fa21b8acd8fd6c7 
Traceback (most recent call last):
  File "/home/soporte/odoo/odoo_19/odoo/addons/base/models/ir_attachment.py", line 151, in _file_read
    with open(full_path, 'rb') as f:
         ~~~~^^^^^^^^^^^^^^^^^
FileNotFoundError: [Errno 2] No existe el archivo o el directorio: '/home/soporte/.local/share/Odoo/filestore/goca-odoo/5e/5e1a46f3ba53e2d6329ba3c74fa21b8acd8fd6c7'
2026-09-21 03:44:22,828 1736 INFO goca-odoo odoo.addons.base.models.ir_attachment: _read_file reading /home/soporte/.local/share/Odoo/filestore/goca-odoo/74/744fc247b813c44f4cf02357706e88b283cb0f97 
Traceback (most recent call last):
  File "/home/soporte/odoo/odoo_19/odoo/addons/base/models/ir_attachment.py", line 151, in _file_read
    with open(full_path, 'rb') as f:
         ~~~~^^^^^^^^^^^^^^^^^
FileNotFoundError: [Errno 2] No existe el archivo o el directorio: '/home/soporte/.local/share/Odoo/filestore/goca-odoo/74/744fc247b813c44f4cf02357706e88b283cb0f97'
2026-09-21 03:44:22,828 1736 INFO goca-odoo odoo.addons.base.models.ir_attachment: _read_file reading /home/soporte/.local/share/Odoo/filestore/goca-odoo/3d/3d7a7360fe4a73a90dd3b4ba554a9254ed61e864 
Traceback (most recent call last):
  File "/home/soporte/odoo/odoo_19/odoo/addons/base/models/ir_attachment.py", line 151, in _file_read
    with open(full_path, 'rb') as f:
         ~~~~^^^^^^^^^^^^^^^^^
FileNotFoundError: [Errno 2] No existe el archivo o el directorio: '/home/soporte/.local/share/Odoo/filestore/goca-odoo/3d/3d7a7360fe4a73a90dd3b4ba554a9254ed61e864'
2026-09-21 03:44:22,829 1736 INFO goca-odoo odoo.addons.base.models.ir_attachment: _read_file reading /home/soporte/.local/share/Odoo/filestore/goca-odoo/b7/b73a9deb85def8a1a00e4d545c4f79747d78f487 
Traceback (most recent call last):
  File "/home/soporte/odoo/odoo_19/odoo/addons/base/models/ir_attachment.py", line 151, in _file_read
    with open(full_path, 'rb') as f:
         ~~~~^^^^^^^^^^^^^^^^^
FileNotFoundError: [Errno 2] No existe el archivo o el directorio: '/home/soporte/.local/share/Odoo/filestore/goca-odoo/b7/b73a9deb85def8a1a00e4d545c4f79747d78f487'
2026-09-21 03:44:22,836 1736 INFO goca-odoo werkzeug: 127.0.0.1 - - [21/Sep/2026 03:44:22] "GET /web/webclient/load_menus HTTP/1.1" 200 - 24 0.017 0.028
2026-09-21 03:44:23,171 1736 INFO goca-odoo werkzeug: 127.0.0.1 - - [21/Sep/2026 03:44:23] "GET /web/manifest.webmanifest HTTP/1.1" 200 - 8 0.004 0.005
2026-09-21 03:44:23,453 1736 INFO goca-odoo werkzeug: 127.0.0.1 - - [21/Sep/2026 03:44:23] "GET /bus/websocket_worker_bundle?v=19.0-2 HTTP/1.1" 304 - 4 0.029 0.016
2026-09-21 03:44:23,593 1736 INFO goca-odoo odoo.addons.base.models.ir_actions_report: You need Wkhtmltopdf to print a pdf version of the reports. 
2026-09-21 03:44:23,640 1736 INFO goca-odoo odoo.addons.base.models.ir_attachment: _read_file reading /home/soporte/.local/share/Odoo/filestore/goca-odoo/0a/0adf2cc06d00a5661be2f8d8a6ff641818f86b83 
Traceback (most recent call last):
  File "/home/soporte/odoo/odoo_19/odoo/addons/base/models/ir_attachment.py", line 151, in _file_read
    with open(full_path, 'rb') as f:
         ~~~~^^^^^^^^^^^^^^^^^
FileNotFoundError: [Errno 2] No existe el archivo o el directorio: '/home/soporte/.local/share/Odoo/filestore/goca-odoo/0a/0adf2cc06d00a5661be2f8d8a6ff641818f86b83'
2026-09-21 03:44:23,641 1736 INFO goca-odoo odoo.addons.base.models.ir_actions_report: You need Wkhtmltoimage to generate images from html. 
2026-09-21 03:44:23,676 1736 INFO goca-odoo werkzeug: 127.0.0.1 - - [21/Sep/2026 03:44:23] "POST /report/check_wkhtmltopdf HTTP/1.1" 200 - 1 0.008 0.131
2026-09-21 03:44:23,711 1736 INFO goca-odoo werkzeug: 127.0.0.1 - - [21/Sep/2026 03:44:23] "GET /web/image?model=res.users&field=avatar_128&id=2 HTTP/1.1" 304 - 15 0.103 0.102
2026-09-21 03:44:23,819 1736 INFO goca-odoo werkzeug: 127.0.0.1 - - [21/Sep/2026 03:44:23] "POST /mail/data HTTP/1.1" 200 - 28 0.214 0.046
2026-09-21 03:44:23,974 1736 INFO goca-odoo werkzeug: 127.0.0.1 - - [21/Sep/2026 03:44:23] "GET /websocket?version=19.0-2 HTTP/1.1" 101 - 1 0.006 0.024
2026-09-21 03:44:25,710 1736 INFO goca-odoo werkzeug: 127.0.0.1 - - [21/Sep/2026 03:44:25] "GET /web/service-worker.js HTTP/1.1" 200 - 1 0.001 0.015
2026-09-21 03:44:26,481 1736 INFO goca-odoo odoo.addons.base.models.ir_attachment: _read_file reading /home/soporte/.local/share/Odoo/filestore/goca-odoo/73/73b70352962ffe47b070ddde261d925950c84e30 
Traceback (most recent call last):
  File "/home/soporte/odoo/odoo_19/odoo/addons/base/models/ir_attachment.py", line 151, in _file_read
    with open(full_path, 'rb') as f:
         ~~~~^^^^^^^^^^^^^^^^^
FileNotFoundError: [Errno 2] No existe el archivo o el directorio: '/home/soporte/.local/share/Odoo/filestore/goca-odoo/73/73b70352962ffe47b070ddde261d925950c84e30'
2026-09-21 03:44:27,284 1736 INFO goca-odoo werkzeug: 127.0.0.1 - - [21/Sep/2026 03:44:27] "GET /report/html/sale.report_saleorder/79?context={"lang":"es_VE","tz":"America/Caracas","uid":2,"allowed_company_ids":[1]} HTTP/1.1" 200 - 91 0.342 2.775
2026-09-21 03:44:28,166 1736 INFO goca-odoo werkzeug: 127.0.0.1 - - [21/Sep/2026 03:44:28] "POST /web/action/load HTTP/1.1" 200 - 13 0.089 0.797
2026-09-21 03:44:28,944 1736 INFO goca-odoo werkzeug: 127.0.0.1 - - [21/Sep/2026 03:44:28] "POST /web/dataset/call_kw/res.currency/read#res.currency.read HTTP/1.1" 200 - 10 0.142 0.027
2026-09-21 03:44:28,964 1736 INFO goca-odoo werkzeug: 127.0.0.1 - - [21/Sep/2026 03:44:28] "POST /web/dataset/call_kw/sale.order/web_search_read#sale.order.web_search_read HTTP/1.1" 200 - 26 0.267 0.077
2026-09-21 03:44:29,047 1736 INFO goca-odoo odoo.addons.base.models.ir_attachment: _read_file reading /home/soporte/.local/share/Odoo/filestore/goca-odoo/0a/0adf2cc06d00a5661be2f8d8a6ff641818f86b83 
Traceback (most recent call last):
  File "/home/soporte/odoo/odoo_19/odoo/addons/base/models/ir_attachment.py", line 151, in _file_read
    with open(full_path, 'rb') as f:
         ~~~~^^^^^^^^^^^^^^^^^
FileNotFoundError: [Errno 2] No existe el archivo o el directorio: '/home/soporte/.local/share/Odoo/filestore/goca-odoo/0a/0adf2cc06d00a5661be2f8d8a6ff641818f86b83'
2026-09-21 03:44:29,056 1736 INFO goca-odoo werkzeug: 127.0.0.1 - - [21/Sep/2026 03:44:29] "GET /web/image/res.users/2/avatar_128 HTTP/1.1" 304 - 8 0.020 0.028
2026-09-21 03:44:29,381 1736 INFO goca-odoo werkzeug: 127.0.0.1 - - [21/Sep/2026 03:44:29] "POST /web/dataset/call_kw/sale.order/get_views#sale.order.get_views HTTP/1.1" 200 - 114 0.469 0.350
2026-09-21 03:44:29,572 1736 INFO goca-odoo werkzeug: 127.0.0.1 - - [21/Sep/2026 03:44:29] "GET /web/webclient/translations?hash=d4df2674b4b59c52e8ae2bf1a3b6e711e4d172c9&lang=es_VE HTTP/1.1" 200 - 2 0.001 6.212
2026-09-21 03:44:30,185 1736 INFO goca-odoo werkzeug: 127.0.0.1 - - [21/Sep/2026 03:44:30] "POST /web/dataset/call_kw/sale.order/web_read#sale.order.web_read HTTP/1.1" 200 - 84 0.075 0.074
2026-09-21 03:44:30,940 1736 INFO goca-odoo werkzeug: 127.0.0.1 - - [21/Sep/2026 03:44:30] "POST /mail/thread/messages HTTP/1.1" 200 - 23 0.022 0.020
2026-09-21 03:44:30,979 1736 INFO goca-odoo werkzeug: 127.0.0.1 - - [21/Sep/2026 03:44:30] "POST /mail/data HTTP/1.1" 200 - 39 0.027 0.037
2026-09-21 03:44:31,383 1736 INFO goca-odoo werkzeug: 127.0.0.1 - - [21/Sep/2026 03:44:31] "GET /web/bundle/web.assets_emoji?lang=es_VE HTTP/1.1" 200 - 2 0.001 0.004
2026-09-21 03:44:33,423 1736 INFO goca-odoo werkzeug: 127.0.0.1 - - [21/Sep/2026 03:44:33] "POST /web/action/load HTTP/1.1" 200 - 8 0.004 0.008
2026-09-21 03:44:33,868 1736 INFO goca-odoo odoo.addons.base.models.ir_attachment: _read_file reading /home/soporte/.local/share/Odoo/filestore/goca-odoo/73/73b70352962ffe47b070ddde261d925950c84e30 
Traceback (most recent call last):
  File "/home/soporte/odoo/odoo_19/odoo/addons/base/models/ir_attachment.py", line 151, in _file_read
    with open(full_path, 'rb') as f:
         ~~~~^^^^^^^^^^^^^^^^^
FileNotFoundError: [Errno 2] No existe el archivo o el directorio: '/home/soporte/.local/share/Odoo/filestore/goca-odoo/73/73b70352962ffe47b070ddde261d925950c84e30'
2026-09-21 03:44:33,877 1736 INFO goca-odoo werkzeug: 127.0.0.1 - - [21/Sep/2026 03:44:33] "GET /report/html/sale.report_saleorder/78?context={"lang":"es_VE","tz":"America/Caracas","uid":2,"allowed_company_ids":[1]} HTTP/1.1" 200 - 23 0.009 0.038
2026-09-21 03:46:39,781 1736 INFO goca-odoo werkzeug: 127.0.0.1 - - [21/Sep/2026 03:46:39] "GET /odoo/sales/78/action-543 HTTP/1.1" 200 - 23 0.011 0.041
2026-09-21 03:46:39,920 1736 INFO goca-odoo werkzeug: 127.0.0.1 - - [21/Sep/2026 03:46:39] "GET /web/webclient/load_menus HTTP/1.1" 200 - 1 0.001 0.005
2026-09-21 03:46:40,229 1736 INFO goca-odoo werkzeug: 127.0.0.1 - - [21/Sep/2026 03:46:40] "GET /web/manifest.webmanifest HTTP/1.1" 200 - 6 0.003 0.006
2026-09-21 03:46:40,504 1736 INFO goca-odoo werkzeug: 127.0.0.1 - - [21/Sep/2026 03:46:40] "GET /web/webclient/translations?hash=d4df2674b4b59c52e8ae2bf1a3b6e711e4d172c9&lang=es_VE HTTP/1.1" 200 - 1 0.001 0.003
2026-09-21 03:46:40,571 1736 INFO goca-odoo werkzeug: 127.0.0.1 - - [21/Sep/2026 03:46:40] "GET /bus/websocket_worker_bundle?v=19.0-2 HTTP/1.1" 304 - 3 0.002 0.004
2026-09-21 03:46:40,656 1736 INFO goca-odoo werkzeug: 127.0.0.1 - - [21/Sep/2026 03:46:40] "POST /mail/data HTTP/1.1" 200 - 18 0.014 0.025
2026-09-21 03:46:40,666 1736 INFO goca-odoo werkzeug: 127.0.0.1 - - [21/Sep/2026 03:46:40] "POST /report/check_wkhtmltopdf HTTP/1.1" 200 - 1 0.007 0.009
2026-09-21 03:46:40,673 1736 INFO goca-odoo odoo.addons.base.models.ir_attachment: _read_file reading /home/soporte/.local/share/Odoo/filestore/goca-odoo/0a/0adf2cc06d00a5661be2f8d8a6ff641818f86b83 
Traceback (most recent call last):
  File "/home/soporte/odoo/odoo_19/odoo/addons/base/models/ir_attachment.py", line 151, in _file_read
    with open(full_path, 'rb') as f:
         ~~~~^^^^^^^^^^^^^^^^^
FileNotFoundError: [Errno 2] No existe el archivo o el directorio: '/home/soporte/.local/share/Odoo/filestore/goca-odoo/0a/0adf2cc06d00a5661be2f8d8a6ff641818f86b83'
2026-09-21 03:46:40,683 1736 INFO goca-odoo werkzeug: 127.0.0.1 - - [21/Sep/2026 03:46:40] "GET /web/image?model=res.users&field=avatar_128&id=2 HTTP/1.1" 304 - 8 0.013 0.029
2026-09-21 03:46:41,041 1736 INFO goca-odoo werkzeug: 127.0.0.1 - - [21/Sep/2026 03:46:41] "GET /websocket?version=19.0-2 HTTP/1.1" 101 - 1 0.001 0.004
2026-09-21 03:46:41,129 1736 INFO goca-odoo odoo.addons.base.models.ir_attachment: _read_file reading /home/soporte/.local/share/Odoo/filestore/goca-odoo/73/73b70352962ffe47b070ddde261d925950c84e30 
Traceback (most recent call last):
  File "/home/soporte/odoo/odoo_19/odoo/addons/base/models/ir_attachment.py", line 151, in _file_read
    with open(full_path, 'rb') as f:
         ~~~~^^^^^^^^^^^^^^^^^
FileNotFoundError: [Errno 2] No existe el archivo o el directorio: '/home/soporte/.local/share/Odoo/filestore/goca-odoo/73/73b70352962ffe47b070ddde261d925950c84e30'
2026-09-21 03:46:41,147 1736 INFO goca-odoo werkzeug: 127.0.0.1 - - [21/Sep/2026 03:46:41] "GET /report/html/sale.report_saleorder/78?context={"lang":"es_VE","tz":"America/Caracas","uid":2,"allowed_company_ids":[1]} HTTP/1.1" 200 - 23 0.014 0.051
2026-09-21 03:46:42,678 1736 INFO goca-odoo werkzeug: 127.0.0.1 - - [21/Sep/2026 03:46:42] "GET /web/service-worker.js HTTP/1.1" 200 - 1 0.001 0.003
2026-09-21 03:48:53,037 1736 INFO goca-odoo werkzeug: 127.0.0.1 - - [21/Sep/2026 03:48:53] "POST /web/action/load HTTP/1.1" 200 - 13 0.009 0.014
2026-09-21 03:48:53,187 1736 INFO goca-odoo werkzeug: 127.0.0.1 - - [21/Sep/2026 03:48:53] "POST /web/dataset/call_kw/sale.order/get_views#sale.order.get_views HTTP/1.1" 200 - 4 0.004 0.043
2026-09-21 03:48:53,394 1736 INFO goca-odoo werkzeug: 127.0.0.1 - - [21/Sep/2026 03:48:53] "POST /web/dataset/call_kw/sale.order/web_read#sale.order.web_read HTTP/1.1" 200 - 49 0.039 0.103
2026-09-21 03:48:53,563 1736 INFO goca-odoo werkzeug: 127.0.0.1 - - [21/Sep/2026 03:48:53] "POST /mail/thread/messages HTTP/1.1" 200 - 18 0.020 0.022
2026-09-21 03:48:53,586 1736 INFO goca-odoo werkzeug: 127.0.0.1 - - [21/Sep/2026 03:48:53] "POST /mail/data HTTP/1.1" 200 - 29 0.022 0.038
2026-09-21 03:48:54,000 1736 INFO goca-odoo werkzeug: 127.0.0.1 - - [21/Sep/2026 03:48:54] "GET /web/bundle/web.assets_emoji?lang=es_VE HTTP/1.1" 200 - 1 0.001 0.003
2026-09-21 03:48:56,551 1736 INFO goca-odoo werkzeug: 127.0.0.1 - - [21/Sep/2026 03:48:56] "POST /web/action/load HTTP/1.1" 200 - 8 0.003 0.009
2026-09-21 03:48:56,615 1736 INFO goca-odoo odoo.addons.base.models.ir_attachment: _read_file reading /home/soporte/.local/share/Odoo/filestore/goca-odoo/73/73b70352962ffe47b070ddde261d925950c84e30 
Traceback (most recent call last):
  File "/home/soporte/odoo/odoo_19/odoo/addons/base/models/ir_attachment.py", line 151, in _file_read
    with open(full_path, 'rb') as f:
         ~~~~^^^^^^^^^^^^^^^^^
FileNotFoundError: [Errno 2] No existe el archivo o el directorio: '/home/soporte/.local/share/Odoo/filestore/goca-odoo/73/73b70352962ffe47b070ddde261d925950c84e30'
2026-09-21 03:48:56,626 1736 INFO goca-odoo werkzeug: 127.0.0.1 - - [21/Sep/2026 03:48:56] "GET /report/html/sale.report_saleorder/78?context={"lang":"es_VE","tz":"America/Caracas","uid":2,"allowed_company_ids":[1]} HTTP/1.1" 200 - 23 0.010 0.046
2026-09-21 03:49:25,418 1736 INFO ? odoo.service.server: Initiating shutdown 
2026-09-21 03:49:25,420 1736 INFO ? odoo.service.server: Hit CTRL-C again or send a second signal to force the shutdown. 
2026-09-21 03:49:25,633 1736 INFO ? odoo.sql_db: ConnectionPool(read/write;used=0/count=0/max=64): Closed 7 connections  
2026-09-21 03:49:26,649 3807 WARNING ? odoo.tools.config: option db_host reads 'False' in the config file at /home/soporte/odoo/odoo_19/odoo-server.conf but isn't a boolean option, skip 
2026-09-21 03:49:26,649 3807 WARNING ? odoo.tools.config: option db_port reads 'False' in the config file at /home/soporte/odoo/odoo_19/odoo-server.conf but isn't a boolean option, skip 
2026-09-21 03:49:26,650 3807 WARNING ? odoo.tools.config: option db_password reads 'False' in the config file at /home/soporte/odoo/odoo_19/odoo-server.conf but isn't a boolean option, skip 
2026-09-21 03:49:26,650 3807 WARNING ? odoo.tools.config: missing --http-interface/http_interface, using 0.0.0.0 by default, will change to 127.0.0.1 in 20.0 
2026-09-21 03:49:26,650 3807 INFO ? odoo: Odoo version 19.0 
2026-09-21 03:49:26,650 3807 INFO ? odoo: Using configuration file at /home/soporte/odoo/odoo_19/odoo-server.conf 
2026-09-21 03:49:26,650 3807 INFO ? odoo: addons paths: _NamespacePath(['/home/soporte/odoo/odoo_19/odoo/addons', '/home/soporte/.local/share/Odoo/addons/19.0', '/home/soporte/odoo/odoo_19/addons']) 
2026-09-21 03:49:26,650 3807 INFO ? odoo: database: soporte@default:default 
2026-09-21 03:49:27,088 3807 INFO ? odoo.service.server: HTTP service (werkzeug) running on soporte:8069 
2026-09-21 03:49:28,148 3807 INFO ? odoo.modules.loading: loading 1 modules... 
2026-09-21 03:49:28,153 3807 INFO ? odoo.modules.loading: 1 modules loaded in 0.00s, 0 queries (+0 extra) 
2026-09-21 03:49:28,166 3807 WARNING ? odoo.modules.module_graph: module web_responsive: not installable, skipped 
2026-09-21 03:49:28,198 3807 INFO ? odoo.modules.loading: loading 112 modules... 
2026-09-21 03:49:29,008 3807 INFO ? odoo.modules.loading: 112 modules loaded in 0.81s, 0 queries (+0 extra) 
2026-09-21 03:49:29,308 3807 ERROR ? odoo.modules.loading: Some modules are not loaded, some dependencies or manifest may be missing: ['web_responsive'] 
2026-09-21 03:49:29,309 3807 INFO ? odoo.modules.loading: Modules loaded. 
2026-09-21 03:49:29,379 3807 INFO ? odoo.registry: Registry loaded in 1.246s 
2026-09-21 03:49:29,382 3807 INFO goca-odoo odoo.addons.base.models.ir_http: Generating routing map for key 1 
2026-09-21 03:49:29,472 3807 INFO goca-odoo werkzeug: 127.0.0.1 - - [21/Sep/2026 03:49:29] "GET /websocket?version=19.0-2 HTTP/1.1" 101 - 28 0.035 1.304
2026-09-21 03:49:29,921 3807 INFO goca-odoo werkzeug: 127.0.0.1 - - [21/Sep/2026 03:49:29] "POST /bus/has_missed_notifications HTTP/1.1" 200 - 2 0.009 0.012
2026-09-21 03:49:29,936 3807 INFO ? odoo.addons.bus.models.bus: Bus.loop listen imbus on db postgres 
2026-09-21 03:49:41,967 3807 INFO ? odoo.service.server: Initiating shutdown 
2026-09-21 03:49:41,967 3807 INFO ? odoo.service.server: Hit CTRL-C again or send a second signal to force the shutdown. 
2026-09-21 03:49:42,443 3807 INFO ? odoo.sql_db: ConnectionPool(read/write;used=0/count=0/max=64): Closed 4 connections  
2026-09-21 03:52:37,585 4757 WARNING ? odoo.tools.config: option db_host reads 'False' in the config file at /home/soporte/odoo/odoo_19/odoo-server.conf but isn't a boolean option, skip 
2026-09-21 03:52:37,586 4757 WARNING ? odoo.tools.config: option db_port reads 'False' in the config file at /home/soporte/odoo/odoo_19/odoo-server.conf but isn't a boolean option, skip 
2026-09-21 03:52:37,586 4757 WARNING ? odoo.tools.config: option db_password reads 'False' in the config file at /home/soporte/odoo/odoo_19/odoo-server.conf but isn't a boolean option, skip 
2026-09-21 03:52:37,586 4757 WARNING ? odoo.tools.config: missing --http-interface/http_interface, using 0.0.0.0 by default, will change to 127.0.0.1 in 20.0 
2026-09-21 03:52:37,586 4757 INFO ? odoo: Odoo version 19.0 
2026-09-21 03:52:37,587 4757 INFO ? odoo: Using configuration file at /home/soporte/odoo/odoo_19/odoo-server.conf 
2026-09-21 03:52:37,587 4757 INFO ? odoo: addons paths: _NamespacePath(['/home/soporte/odoo/odoo_19/odoo/addons', '/home/soporte/.local/share/Odoo/addons/19.0', '/home/soporte/odoo/odoo_19/addons']) 
2026-09-21 03:52:37,587 4757 INFO ? odoo: database: soporte@default:default 
2026-09-21 03:52:37,988 4757 INFO ? odoo.service.server: HTTP service (werkzeug) running on soporte:8069 
2026-09-21 03:52:43,679 4757 INFO ? odoo.modules.loading: loading 1 modules... 
2026-09-21 03:52:43,685 4757 INFO ? odoo.modules.loading: 1 modules loaded in 0.00s, 0 queries (+0 extra) 
2026-09-21 03:52:43,697 4757 WARNING ? odoo.modules.module_graph: module web_responsive: not installable, skipped 
2026-09-21 03:52:43,730 4757 INFO ? odoo.modules.loading: loading 112 modules... 
2026-09-21 03:52:44,519 4757 INFO ? odoo.modules.loading: 112 modules loaded in 0.79s, 0 queries (+0 extra) 
2026-09-21 03:52:44,853 4757 ERROR ? odoo.modules.loading: Some modules are not loaded, some dependencies or manifest may be missing: ['web_responsive'] 
2026-09-21 03:52:44,854 4757 INFO ? odoo.modules.loading: Modules loaded. 
2026-09-21 03:52:44,929 4757 INFO ? odoo.registry: Registry loaded in 1.266s 
2026-09-21 03:52:44,934 4757 INFO goca-odoo odoo.addons.base.models.ir_http: Generating routing map for key 1 
2026-09-21 03:52:45,019 4757 INFO goca-odoo odoo.addons.base.models.ir_http: Generating routing map for key 1 
2026-09-21 03:52:45,205 4757 INFO goca-odoo werkzeug: 127.0.0.1 - - [21/Sep/2026 03:52:45] "POST /web/dataset/call_kw/res.currency/read#res.currency.read HTTP/1.1" 200 - 21 0.121 1.218
2026-09-21 03:52:45,359 4757 INFO goca-odoo odoo.addons.base.models.ir_attachment: _read_file reading /home/soporte/.local/share/Odoo/filestore/goca-odoo/0a/0adf2cc06d00a5661be2f8d8a6ff641818f86b83 
Traceback (most recent call last):
  File "/home/soporte/odoo/odoo_19/odoo/addons/base/models/ir_attachment.py", line 151, in _file_read
    with open(full_path, 'rb') as f:
         ~~~~^^^^^^^^^^^^^^^^^
FileNotFoundError: [Errno 2] No existe el archivo o el directorio: '/home/soporte/.local/share/Odoo/filestore/goca-odoo/0a/0adf2cc06d00a5661be2f8d8a6ff641818f86b83'
2026-09-21 03:52:45,412 4757 INFO goca-odoo werkzeug: 127.0.0.1 - - [21/Sep/2026 03:52:45] "GET /web/image/res.users/2/avatar_128 HTTP/1.1" 304 - 22 0.248 1.153
2026-09-21 03:52:45,558 4757 INFO goca-odoo werkzeug: 127.0.0.1 - - [21/Sep/2026 03:52:45] "POST /web/dataset/call_kw/sale.order/web_search_read#sale.order.web_search_read HTTP/1.1" 200 - 37 0.422 1.427
2026-09-21 03:52:45,665 4757 INFO goca-odoo werkzeug: 127.0.0.1 - - [21/Sep/2026 03:52:45] "POST /web/action/load HTTP/1.1" 200 - 38 0.187 1.817
2026-09-21 03:52:46,070 4757 INFO goca-odoo werkzeug: 127.0.0.1 - - [21/Sep/2026 03:52:46] "POST /web/dataset/call_kw/sale.order/web_read#sale.order.web_read HTTP/1.1" 200 - 98 0.554 0.560
2026-09-21 03:52:46,636 4757 INFO goca-odoo werkzeug: 127.0.0.1 - - [21/Sep/2026 03:52:46] "POST /mail/thread/messages HTTP/1.1" 200 - 30 0.021 0.028
2026-09-21 03:52:46,721 4757 INFO goca-odoo werkzeug: 127.0.0.1 - - [21/Sep/2026 03:52:46] "POST /mail/data HTTP/1.1" 200 - 43 0.020 0.040
2026-09-21 03:52:50,079 4757 INFO goca-odoo werkzeug: 127.0.0.1 - - [21/Sep/2026 03:52:50] "POST /web/action/load HTTP/1.1" 200 - 9 0.004 0.009
2026-09-21 03:52:50,798 4757 INFO goca-odoo odoo.addons.base.models.ir_attachment: _read_file reading /home/soporte/.local/share/Odoo/filestore/goca-odoo/73/73b70352962ffe47b070ddde261d925950c84e30 
Traceback (most recent call last):
  File "/home/soporte/odoo/odoo_19/odoo/addons/base/models/ir_attachment.py", line 151, in _file_read
    with open(full_path, 'rb') as f:
         ~~~~^^^^^^^^^^^^^^^^^
FileNotFoundError: [Errno 2] No existe el archivo o el directorio: '/home/soporte/.local/share/Odoo/filestore/goca-odoo/73/73b70352962ffe47b070ddde261d925950c84e30'
2026-09-21 03:52:51,585 4757 INFO goca-odoo werkzeug: 127.0.0.1 - - [21/Sep/2026 03:52:51] "GET /report/html/sale.report_saleorder_raw/79?context={"lang":"es_VE","tz":"America/Caracas","uid":2,"allowed_company_ids":[1]} HTTP/1.1" 200 - 89 0.044 1.059
2026-09-21 03:53:08,261 4757 INFO ? odoo.service.server: Initiating shutdown 
2026-09-21 03:53:08,262 4757 INFO ? odoo.service.server: Hit CTRL-C again or send a second signal to force the shutdown. 
2026-09-21 03:53:08,439 4757 INFO ? odoo.sql_db: ConnectionPool(read/write;used=0/count=0/max=64): Closed 7 connections  
2026-09-21 03:53:08,451 4757 INFO ? odoo.service.server: cron0 max age (0s) reached, releasing connection. 
2026-09-21 03:53:09,486 4905 WARNING ? odoo.tools.config: option db_host reads 'False' in the config file at /home/soporte/odoo/odoo_19/odoo-server.conf but isn't a boolean option, skip 
2026-09-21 03:53:09,487 4905 WARNING ? odoo.tools.config: option db_port reads 'False' in the config file at /home/soporte/odoo/odoo_19/odoo-server.conf but isn't a boolean option, skip 
2026-09-21 03:53:09,487 4905 WARNING ? odoo.tools.config: option db_password reads 'False' in the config file at /home/soporte/odoo/odoo_19/odoo-server.conf but isn't a boolean option, skip 
2026-09-21 03:53:09,487 4905 WARNING ? odoo.tools.config: missing --http-interface/http_interface, using 0.0.0.0 by default, will change to 127.0.0.1 in 20.0 
2026-09-21 03:53:09,487 4905 INFO ? odoo: Odoo version 19.0 
2026-09-21 03:53:09,487 4905 INFO ? odoo: Using configuration file at /home/soporte/odoo/odoo_19/odoo-server.conf 
2026-09-21 03:53:09,487 4905 INFO ? odoo: addons paths: _NamespacePath(['/home/soporte/odoo/odoo_19/odoo/addons', '/home/soporte/.local/share/Odoo/addons/19.0', '/home/soporte/odoo/odoo_19/addons']) 
2026-09-21 03:53:09,488 4905 INFO ? odoo: database: soporte@default:default 
2026-09-21 03:53:09,856 4905 INFO ? odoo.service.server: HTTP service (werkzeug) running on soporte:8069 
2026-09-21 03:53:13,725 4905 INFO ? odoo.modules.loading: loading 1 modules... 
2026-09-21 03:53:13,730 4905 INFO ? odoo.modules.loading: 1 modules loaded in 0.00s, 0 queries (+0 extra) 
2026-09-21 03:53:13,741 4905 WARNING ? odoo.modules.module_graph: module web_responsive: not installable, skipped 
2026-09-21 03:53:13,771 4905 INFO ? odoo.modules.loading: loading 112 modules... 
2026-09-21 03:53:14,487 4905 INFO ? odoo.modules.loading: 112 modules loaded in 0.72s, 0 queries (+0 extra) 
2026-09-21 03:53:14,793 4905 ERROR ? odoo.modules.loading: Some modules are not loaded, some dependencies or manifest may be missing: ['web_responsive'] 
2026-09-21 03:53:14,794 4905 INFO ? odoo.modules.loading: Modules loaded. 
2026-09-21 03:53:14,865 4905 INFO ? odoo.registry: Registry loaded in 1.152s 
2026-09-21 03:53:14,870 4905 INFO goca-odoo odoo.addons.base.models.ir_http: Generating routing map for key 1 
2026-09-21 03:53:14,879 4905 INFO goca-odoo odoo.addons.base.models.ir_http: Generating routing map for key 1 
2026-09-21 03:53:15,029 4905 INFO goca-odoo werkzeug: 127.0.0.1 - - [21/Sep/2026 03:53:15] "GET /web/service-worker.js HTTP/1.1" 200 - 10 0.076 0.821
2026-09-21 03:53:15,419 4905 INFO goca-odoo werkzeug: 127.0.0.1 - - [21/Sep/2026 03:53:15] "GET /odoo/sales/79/action-581 HTTP/1.1" 200 - 122 0.077 1.631
2026-09-21 03:53:15,911 4905 INFO goca-odoo odoo.addons.base.models.ir_attachment: _read_file reading /home/soporte/.local/share/Odoo/filestore/goca-odoo/0c/0c81cfadcc3a74ecea0f30b1720840655d971e87 
Traceback (most recent call last):
  File "/home/soporte/odoo/odoo_19/odoo/addons/base/models/ir_attachment.py", line 151, in _file_read
    with open(full_path, 'rb') as f:
         ~~~~^^^^^^^^^^^^^^^^^
FileNotFoundError: [Errno 2] No existe el archivo o el directorio: '/home/soporte/.local/share/Odoo/filestore/goca-odoo/0c/0c81cfadcc3a74ecea0f30b1720840655d971e87'
2026-09-21 03:53:15,913 4905 INFO goca-odoo odoo.addons.base.models.ir_attachment: _read_file reading /home/soporte/.local/share/Odoo/filestore/goca-odoo/aa/aa2cad94340900f9e642750f42295ca97ab0ec81 
Traceback (most recent call last):
  File "/home/soporte/odoo/odoo_19/odoo/addons/base/models/ir_attachment.py", line 151, in _file_read
    with open(full_path, 'rb') as f:
         ~~~~^^^^^^^^^^^^^^^^^
FileNotFoundError: [Errno 2] No existe el archivo o el directorio: '/home/soporte/.local/share/Odoo/filestore/goca-odoo/aa/aa2cad94340900f9e642750f42295ca97ab0ec81'
2026-09-21 03:53:15,913 4905 INFO goca-odoo odoo.addons.base.models.ir_attachment: _read_file reading /home/soporte/.local/share/Odoo/filestore/goca-odoo/f9/f9cf2c8b67d3ebc89ca4d180ef207a248c4e3130 
Traceback (most recent call last):
  File "/home/soporte/odoo/odoo_19/odoo/addons/base/models/ir_attachment.py", line 151, in _file_read
    with open(full_path, 'rb') as f:
         ~~~~^^^^^^^^^^^^^^^^^
FileNotFoundError: [Errno 2] No existe el archivo o el directorio: '/home/soporte/.local/share/Odoo/filestore/goca-odoo/f9/f9cf2c8b67d3ebc89ca4d180ef207a248c4e3130'
2026-09-21 03:53:15,914 4905 INFO goca-odoo odoo.addons.base.models.ir_attachment: _read_file reading /home/soporte/.local/share/Odoo/filestore/goca-odoo/a4/a4511b76524b49a86d44d27508dd20f056bfe827 
Traceback (most recent call last):
  File "/home/soporte/odoo/odoo_19/odoo/addons/base/models/ir_attachment.py", line 151, in _file_read
    with open(full_path, 'rb') as f:
         ~~~~^^^^^^^^^^^^^^^^^
FileNotFoundError: [Errno 2] No existe el archivo o el directorio: '/home/soporte/.local/share/Odoo/filestore/goca-odoo/a4/a4511b76524b49a86d44d27508dd20f056bfe827'
2026-09-21 03:53:15,914 4905 INFO goca-odoo odoo.addons.base.models.ir_attachment: _read_file reading /home/soporte/.local/share/Odoo/filestore/goca-odoo/51/517a97a04c19cdd67572ff8a0ef89fad5a2c278e 
Traceback (most recent call last):
  File "/home/soporte/odoo/odoo_19/odoo/addons/base/models/ir_attachment.py", line 151, in _file_read
    with open(full_path, 'rb') as f:
         ~~~~^^^^^^^^^^^^^^^^^
FileNotFoundError: [Errno 2] No existe el archivo o el directorio: '/home/soporte/.local/share/Odoo/filestore/goca-odoo/51/517a97a04c19cdd67572ff8a0ef89fad5a2c278e'
2026-09-21 03:53:15,915 4905 INFO goca-odoo odoo.addons.base.models.ir_attachment: _read_file reading /home/soporte/.local/share/Odoo/filestore/goca-odoo/37/3709cc2e0d5df4c199f96c6d07e2aaf29a63bcba 
Traceback (most recent call last):
  File "/home/soporte/odoo/odoo_19/odoo/addons/base/models/ir_attachment.py", line 151, in _file_read
    with open(full_path, 'rb') as f:
         ~~~~^^^^^^^^^^^^^^^^^
FileNotFoundError: [Errno 2] No existe el archivo o el directorio: '/home/soporte/.local/share/Odoo/filestore/goca-odoo/37/3709cc2e0d5df4c199f96c6d07e2aaf29a63bcba'
2026-09-21 03:53:15,915 4905 INFO goca-odoo odoo.addons.base.models.ir_attachment: _read_file reading /home/soporte/.local/share/Odoo/filestore/goca-odoo/a2/a2094f7db95831ba027e182bbc3f480be6fd0088 
Traceback (most recent call last):
  File "/home/soporte/odoo/odoo_19/odoo/addons/base/models/ir_attachment.py", line 151, in _file_read
    with open(full_path, 'rb') as f:
         ~~~~^^^^^^^^^^^^^^^^^
FileNotFoundError: [Errno 2] No existe el archivo o el directorio: '/home/soporte/.local/share/Odoo/filestore/goca-odoo/a2/a2094f7db95831ba027e182bbc3f480be6fd0088'
2026-09-21 03:53:15,916 4905 INFO goca-odoo odoo.addons.base.models.ir_attachment: _read_file reading /home/soporte/.local/share/Odoo/filestore/goca-odoo/1c/1c16002d10f6155661a6ae83417fee29e281fb7b 
Traceback (most recent call last):
  File "/home/soporte/odoo/odoo_19/odoo/addons/base/models/ir_attachment.py", line 151, in _file_read
    with open(full_path, 'rb') as f:
         ~~~~^^^^^^^^^^^^^^^^^
FileNotFoundError: [Errno 2] No existe el archivo o el directorio: '/home/soporte/.local/share/Odoo/filestore/goca-odoo/1c/1c16002d10f6155661a6ae83417fee29e281fb7b'
2026-09-21 03:53:15,916 4905 INFO goca-odoo odoo.addons.base.models.ir_attachment: _read_file reading /home/soporte/.local/share/Odoo/filestore/goca-odoo/f3/f31bdf173e5748b875ca5e389e1edba54b4bff25 
Traceback (most recent call last):
  File "/home/soporte/odoo/odoo_19/odoo/addons/base/models/ir_attachment.py", line 151, in _file_read
    with open(full_path, 'rb') as f:
         ~~~~^^^^^^^^^^^^^^^^^
FileNotFoundError: [Errno 2] No existe el archivo o el directorio: '/home/soporte/.local/share/Odoo/filestore/goca-odoo/f3/f31bdf173e5748b875ca5e389e1edba54b4bff25'
2026-09-21 03:53:15,917 4905 INFO goca-odoo odoo.addons.base.models.ir_attachment: _read_file reading /home/soporte/.local/share/Odoo/filestore/goca-odoo/c2/c21721ec3ec2e8d086eebf804e0ede5f25aa14d7 
Traceback (most recent call last):
  File "/home/soporte/odoo/odoo_19/odoo/addons/base/models/ir_attachment.py", line 151, in _file_read
    with open(full_path, 'rb') as f:
         ~~~~^^^^^^^^^^^^^^^^^
FileNotFoundError: [Errno 2] No existe el archivo o el directorio: '/home/soporte/.local/share/Odoo/filestore/goca-odoo/c2/c21721ec3ec2e8d086eebf804e0ede5f25aa14d7'
2026-09-21 03:53:15,917 4905 INFO goca-odoo odoo.addons.base.models.ir_attachment: _read_file reading /home/soporte/.local/share/Odoo/filestore/goca-odoo/c2/c2f49a19f3cf050243e62b22cde5072cca84fcaa 
Traceback (most recent call last):
  File "/home/soporte/odoo/odoo_19/odoo/addons/base/models/ir_attachment.py", line 151, in _file_read
    with open(full_path, 'rb') as f:
         ~~~~^^^^^^^^^^^^^^^^^
FileNotFoundError: [Errno 2] No existe el archivo o el directorio: '/home/soporte/.local/share/Odoo/filestore/goca-odoo/c2/c2f49a19f3cf050243e62b22cde5072cca84fcaa'
2026-09-21 03:53:15,917 4905 INFO goca-odoo odoo.addons.base.models.ir_attachment: _read_file reading /home/soporte/.local/share/Odoo/filestore/goca-odoo/5e/5e1a46f3ba53e2d6329ba3c74fa21b8acd8fd6c7 
Traceback (most recent call last):
  File "/home/soporte/odoo/odoo_19/odoo/addons/base/models/ir_attachment.py", line 151, in _file_read
    with open(full_path, 'rb') as f:
         ~~~~^^^^^^^^^^^^^^^^^
FileNotFoundError: [Errno 2] No existe el archivo o el directorio: '/home/soporte/.local/share/Odoo/filestore/goca-odoo/5e/5e1a46f3ba53e2d6329ba3c74fa21b8acd8fd6c7'
2026-09-21 03:53:15,918 4905 INFO goca-odoo odoo.addons.base.models.ir_attachment: _read_file reading /home/soporte/.local/share/Odoo/filestore/goca-odoo/74/744fc247b813c44f4cf02357706e88b283cb0f97 
Traceback (most recent call last):
  File "/home/soporte/odoo/odoo_19/odoo/addons/base/models/ir_attachment.py", line 151, in _file_read
    with open(full_path, 'rb') as f:
         ~~~~^^^^^^^^^^^^^^^^^
FileNotFoundError: [Errno 2] No existe el archivo o el directorio: '/home/soporte/.local/share/Odoo/filestore/goca-odoo/74/744fc247b813c44f4cf02357706e88b283cb0f97'
2026-09-21 03:53:15,918 4905 INFO goca-odoo odoo.addons.base.models.ir_attachment: _read_file reading /home/soporte/.local/share/Odoo/filestore/goca-odoo/3d/3d7a7360fe4a73a90dd3b4ba554a9254ed61e864 
Traceback (most recent call last):
  File "/home/soporte/odoo/odoo_19/odoo/addons/base/models/ir_attachment.py", line 151, in _file_read
    with open(full_path, 'rb') as f:
         ~~~~^^^^^^^^^^^^^^^^^
FileNotFoundError: [Errno 2] No existe el archivo o el directorio: '/home/soporte/.local/share/Odoo/filestore/goca-odoo/3d/3d7a7360fe4a73a90dd3b4ba554a9254ed61e864'
2026-09-21 03:53:15,919 4905 INFO goca-odoo odoo.addons.base.models.ir_attachment: _read_file reading /home/soporte/.local/share/Odoo/filestore/goca-odoo/b7/b73a9deb85def8a1a00e4d545c4f79747d78f487 
Traceback (most recent call last):
  File "/home/soporte/odoo/odoo_19/odoo/addons/base/models/ir_attachment.py", line 151, in _file_read
    with open(full_path, 'rb') as f:
         ~~~~^^^^^^^^^^^^^^^^^
FileNotFoundError: [Errno 2] No existe el archivo o el directorio: '/home/soporte/.local/share/Odoo/filestore/goca-odoo/b7/b73a9deb85def8a1a00e4d545c4f79747d78f487'
2026-09-21 03:53:15,926 4905 INFO goca-odoo werkzeug: 127.0.0.1 - - [21/Sep/2026 03:53:15] "GET /web/webclient/load_menus HTTP/1.1" 200 - 25 0.012 0.029
2026-09-21 03:53:15,938 4905 INFO goca-odoo werkzeug: 127.0.0.1 - - [21/Sep/2026 03:53:15] "GET /web/manifest.webmanifest HTTP/1.1" 200 - 8 0.004 0.006
2026-09-21 03:53:16,199 4905 INFO goca-odoo werkzeug: 127.0.0.1 - - [21/Sep/2026 03:53:16] "GET /bus/websocket_worker_bundle?v=19.0-2 HTTP/1.1" 304 - 4 0.023 0.021
2026-09-21 03:53:16,403 4905 INFO goca-odoo odoo.addons.base.models.ir_attachment: _read_file reading /home/soporte/.local/share/Odoo/filestore/goca-odoo/0a/0adf2cc06d00a5661be2f8d8a6ff641818f86b83 
Traceback (most recent call last):
  File "/home/soporte/odoo/odoo_19/odoo/addons/base/models/ir_attachment.py", line 151, in _file_read
    with open(full_path, 'rb') as f:
         ~~~~^^^^^^^^^^^^^^^^^
FileNotFoundError: [Errno 2] No existe el archivo o el directorio: '/home/soporte/.local/share/Odoo/filestore/goca-odoo/0a/0adf2cc06d00a5661be2f8d8a6ff641818f86b83'
2026-09-21 03:53:16,403 4905 INFO goca-odoo odoo.addons.base.models.ir_actions_report: Will use the Wkhtmltopdf binary at /usr/local/bin/wkhtmltopdf 
2026-09-21 03:53:16,440 4905 INFO goca-odoo werkzeug: 127.0.0.1 - - [21/Sep/2026 03:53:16] "GET /web/image?model=res.users&field=avatar_128&id=2 HTTP/1.1" 304 - 15 0.106 0.071
2026-09-21 03:53:16,441 4905 INFO goca-odoo odoo.addons.base.models.ir_actions_report: Will use the Wkhtmltoimage binary at /usr/local/bin/wkhtmltoimage 
2026-09-21 03:53:16,474 4905 INFO goca-odoo werkzeug: 127.0.0.1 - - [21/Sep/2026 03:53:16] "POST /report/check_wkhtmltopdf HTTP/1.1" 200 - 1 0.007 0.130
2026-09-21 03:53:16,681 4905 INFO goca-odoo werkzeug: 127.0.0.1 - - [21/Sep/2026 03:53:16] "POST /mail/data HTTP/1.1" 200 - 28 0.132 0.162
2026-09-21 03:53:16,711 4905 INFO goca-odoo werkzeug: 127.0.0.1 - - [21/Sep/2026 03:53:16] "GET /websocket?version=19.0-2 HTTP/1.1" 101 - 1 0.007 0.014
2026-09-21 03:53:16,874 4905 INFO ? odoo.addons.bus.models.bus: Bus.loop listen imbus on db postgres 
2026-09-21 03:53:18,615 4905 INFO goca-odoo werkzeug: 127.0.0.1 - - [21/Sep/2026 03:53:18] "GET /web/service-worker.js HTTP/1.1" 200 - 1 0.001 0.013
2026-09-21 03:53:20,701 4905 INFO goca-odoo odoo.addons.base.models.ir_attachment: _read_file reading /home/soporte/.local/share/Odoo/filestore/goca-odoo/73/73b70352962ffe47b070ddde261d925950c84e30 
Traceback (most recent call last):
  File "/home/soporte/odoo/odoo_19/odoo/addons/base/models/ir_attachment.py", line 151, in _file_read
    with open(full_path, 'rb') as f:
         ~~~~^^^^^^^^^^^^^^^^^
FileNotFoundError: [Errno 2] No existe el archivo o el directorio: '/home/soporte/.local/share/Odoo/filestore/goca-odoo/73/73b70352962ffe47b070ddde261d925950c84e30'
2026-09-21 03:53:20,948 4905 INFO goca-odoo werkzeug: 127.0.0.1 - - [21/Sep/2026 03:53:20] "GET /web/webclient/translations?hash=d4df2674b4b59c52e8ae2bf1a3b6e711e4d172c9&lang=es_VE HTTP/1.1" 200 - 2 0.001 4.852
2026-09-21 03:53:21,813 4905 INFO goca-odoo odoo.addons.base.models.assetsbundle: Generating a new asset bundle attachment /web/assets/e74ba24/web.report_assets_pdf.autoprefixed.min.css (id:1341) 
2026-09-21 03:53:21,815 4905 INFO goca-odoo odoo.addons.base.models.assetsbundle: Deleting attachments [1266] (matching /web/assets/_______/web.report_assets_pdf.autoprefixed.min.css) because it was replaced with /web/assets/e74ba24/web.report_assets_pdf.autoprefixed.min.css 
2026-09-21 03:53:21,841 4905 INFO goca-odoo werkzeug: 127.0.0.1 - - [21/Sep/2026 03:53:21] "GET /web/assets/e74ba24/web.report_assets_pdf.autoprefixed.min.css HTTP/1.1" 200 - 14 0.027 0.054
2026-09-21 03:53:21,871 4905 INFO goca-odoo odoo.addons.base.models.ir_attachment: _read_file reading /home/soporte/.local/share/Odoo/filestore/goca-odoo/a8/a8d519bcc1976f32708f4b7adb1499e99a5bea5b 
Traceback (most recent call last):
  File "/home/soporte/odoo/odoo_19/odoo/addons/base/models/ir_attachment.py", line 151, in _file_read
    with open(full_path, 'rb') as f:
         ~~~~^^^^^^^^^^^^^^^^^
FileNotFoundError: [Errno 2] No existe el archivo o el directorio: '/home/soporte/.local/share/Odoo/filestore/goca-odoo/a8/a8d519bcc1976f32708f4b7adb1499e99a5bea5b'
2026-09-21 03:53:22,841 4905 INFO goca-odoo odoo.addons.base.models.assetsbundle: Generating a new asset bundle attachment /web/assets/6bc1bdf/web.report_assets_common.autoprefixed.min.css (id:1342) 
2026-09-21 03:53:22,843 4905 INFO goca-odoo odoo.addons.base.models.assetsbundle: Deleting attachments [1267] (matching /web/assets/_______/web.report_assets_common.autoprefixed.min.css) because it was replaced with /web/assets/6bc1bdf/web.report_assets_common.autoprefixed.min.css 
2026-09-21 03:53:22,862 4905 INFO goca-odoo werkzeug: 127.0.0.1 - - [21/Sep/2026 03:53:22] "GET /web/assets/6bc1bdf/web.report_assets_common.autoprefixed.min.css HTTP/1.1" 200 - 22 0.032 1.068
2026-09-21 03:53:22,901 4905 INFO ? werkzeug: 127.0.0.1 - - [21/Sep/2026 03:53:22] "GET /web/static/fonts/lato/Lato-Reg-webfont.woff HTTP/1.1" 200 - 0 0.000 0.001
2026-09-21 03:53:22,922 4905 INFO ? werkzeug: 127.0.0.1 - - [21/Sep/2026 03:53:22] "GET /web/static/fonts/lato/Lato-Lig-webfont.woff HTTP/1.1" 200 - 0 0.000 0.005
2026-09-21 03:53:22,922 4905 INFO ? werkzeug: 127.0.0.1 - - [21/Sep/2026 03:53:22] "GET /web/static/fonts/lato/Lato-Hai-webfont.woff HTTP/1.1" 200 - 0 0.000 0.002
2026-09-21 03:53:22,923 4905 INFO ? werkzeug: 127.0.0.1 - - [21/Sep/2026 03:53:22] "GET /web/static/fonts/lato/Lato-Bla-webfont.woff HTTP/1.1" 200 - 0 0.000 0.002
2026-09-21 03:53:22,926 4905 INFO ? werkzeug: 127.0.0.1 - - [21/Sep/2026 03:53:22] "GET /web/static/fonts/lato/Lato-Bol-webfont.woff HTTP/1.1" 200 - 0 0.000 0.003
2026-09-21 03:53:25,074 4905 INFO goca-odoo odoo.addons.base.models.ir_actions_report: The PDF report has been generated for model: sale.order, records [79]. 
2026-09-21 03:53:25,077 4905 INFO goca-odoo werkzeug: 127.0.0.1 - - [21/Sep/2026 03:53:25] "POST /report/download HTTP/1.1" 200 - 113 0.305 7.845
2026-09-21 03:53:42,335 4905 INFO goca-odoo werkzeug: 127.0.0.1 - - [21/Sep/2026 03:53:42] "POST /web/dataset/call_kw/sale.order/web_search_read#sale.order.web_search_read HTTP/1.1" 200 - 20 0.158 0.104
2026-09-21 03:53:42,353 4905 INFO goca-odoo werkzeug: 127.0.0.1 - - [21/Sep/2026 03:53:42] "POST /web/dataset/call_kw/res.currency/read#res.currency.read HTTP/1.1" 200 - 9 0.113 0.026
2026-09-21 03:53:42,420 4905 INFO goca-odoo werkzeug: 127.0.0.1 - - [21/Sep/2026 03:53:42] "POST /web/action/load HTTP/1.1" 200 - 12 0.005 0.407
2026-09-21 03:53:42,455 4905 INFO goca-odoo odoo.addons.base.models.ir_attachment: _read_file reading /home/soporte/.local/share/Odoo/filestore/goca-odoo/0a/0adf2cc06d00a5661be2f8d8a6ff641818f86b83 
Traceback (most recent call last):
  File "/home/soporte/odoo/odoo_19/odoo/addons/base/models/ir_attachment.py", line 151, in _file_read
    with open(full_path, 'rb') as f:
         ~~~~^^^^^^^^^^^^^^^^^
FileNotFoundError: [Errno 2] No existe el archivo o el directorio: '/home/soporte/.local/share/Odoo/filestore/goca-odoo/0a/0adf2cc06d00a5661be2f8d8a6ff641818f86b83'
2026-09-21 03:53:42,465 4905 INFO goca-odoo werkzeug: 127.0.0.1 - - [21/Sep/2026 03:53:42] "GET /web/image/res.users/2/avatar_128 HTTP/1.1" 304 - 8 0.014 0.042
2026-09-21 03:53:42,594 4905 INFO goca-odoo werkzeug: 127.0.0.1 - - [21/Sep/2026 03:53:42] "POST /web/dataset/call_kw/sale.order/get_views#sale.order.get_views HTTP/1.1" 200 - 111 0.210 0.338
2026-09-21 03:54:04,051 4905 INFO ? odoo.service.server: Initiating shutdown 
2026-09-21 03:54:04,051 4905 INFO ? odoo.service.server: Hit CTRL-C again or send a second signal to force the shutdown. 
2026-09-21 03:54:04,451 4905 INFO ? odoo.sql_db: ConnectionPool(read/write;used=0/count=0/max=64): Closed 6 connections  
